Workbook

Sheet INGEI
A1: Uso inicial | B1: Uso final | C1: 2010 | D1: 2011 | E1: 2012 | F1: 2013 | G1: 2014 | H1: 2015 | I1: 2016 | J1: 2017 | K1: 2018 | L1: 2019 | M1: 2020 | N1: 2021 | O1: 2022 | P1: 2023 | Q1: 2024 | R1: 2025 | S1: 2026 | T1: 2027 | U1: 2028 | V1: 2029 | W1: 2030 | X1: 2031 | Y1: 2032 | Z1: 2033 | AA1: 2034 | AB1: 2035
A2: Tierras Forestales | B2: Tierras Forestales | C2: -19217574 | D2: =+(C2+E2)/2 -> -20027829 | E2: -20838084 | F2: =+(E2+G2)/2 -> -22648214 | G2: -24458345 | H2: =+(G2+I2)/2 -> -22793711 | I2: -21129078 | J2: =+(I2+K2)/2 -> -22396710 | K2: -23664342 | L2: -24349408 | M2: -23879007 | N2: -21069337 | O2: -18652838
A3: Tierra de Cultivo | B3: Tierras Forestales | C3: -260988.34 | D3: =+(C3+E3)/2 -> -260988.34 | E3: -260988.34 | F3: =+(E3+G3)/2 -> -260988.34 | G3: -260988.34 | H3: =+(G3+I3)/2 -> -184466.62 | I3: -107944.91 | J3: =+(I3+K3)/2 -> -142695.7 | K3: -177446.49 | L3: -39273.68 | M3: -39273.68 | N3: -47774.42 | O3: -47774.42
A4: Pastizales | B4: Tierras Forestales | C4: -37381.303 | D4: =+(C4+E4)/2 -> -37381.303 | E4: -37381.303 | F4: =+(E4+G4)/2 -> -37381.303 | G4: -37381.303 | H4: =+(G4+I4)/2 -> -50955.234 | I4: -64529.165 | J4: =+(I4+K4)/2 -> -77357.533 | K4: -90185.901 | L4: -4884.119 | M4: -4884.119 | N4: -1165.9996 | O4: -1165.9996
A5: Humedales | B5: Tierras Forestales | C5: -763.30476 | D5: =+(C5+E5)/2 -> -763.30476 | E5: -763.30476 | F5: =+(E5+G5)/2 -> -763.30476 | G5: -763.30476 | H5: =+(G5+I5)/2 -> -807.24636 | I5: -851.18795 | J5: =+(I5+K5)/2 -> -610.33436 | K5: -369.48076 | L5: -412.39087 | M5: -412.39087 | N5: -250.65278 | O5: -250.65278
A6: Asentamientos | B6: Tierras Forestales | C6: 0 | D6: =+(C6+E6)/2 -> 0 | E6: 0 | F6: =+(E6+G6)/2 -> 0 | G6: 0 | H6: =+(G6+I6)/2 -> 0 | I6: 0 | J6: =+(I6+K6)/2 -> -1820.4818 | K6: -3640.9637 | L6: -1102.8722 | M6: -1102.8722 | N6: 0 | O6: 0
A7: Otras Tierras | B7: Tierras Forestales | C7: -165.03887 | D7: =+(C7+E7)/2 -> -165.03887 | E7: -165.03887 | F7: =+(E7+G7)/2 -> -165.03887 | G7: -165.03887 | H7: =+(G7+I7)/2 -> -321.61949 | I7: -478.20012 | J7: =+(I7+K7)/2 -> -2141.7919 | K7: -3805.3837 | L7: -152.24835 | M7: -152.24835 | N7: -788.16566 | O7: -788.16566
A8: Tierras de Cultivo | B8: Tierras de Cultivo | C8: 0 | D8: =+(C8+E8)/2 -> 0 | E8: 0 | F8: =+(E8+G8)/2 -> 0 | G8: 0 | H8: =+(G8+I8)/2 -> 0 | I8: 0 | J8: =+(I8+K8)/2 -> 0 | K8: 0 | L8: 0 | M8: 0 | N8: 0 | O8: 0
A9: Tierras Forestales | B9: Tierras de Cultivo | C9: 37427636 | D9: =+(C9+E9)/2 -> 37427636 | E9: 37427636 | F9: =+(E9+G9)/2 -> 37427636 | G9: 37427636 | H9: =+(G9+I9)/2 -> 38419762 | I9: 39411887 | J9: =+(I9+K9)/2 -> 36724892 | K9: 34037898 | L9: 33489304 | M9: 33489304 | N9: 37228401 | O9: 37228401
A10: Pastizales | B10: Tierras de Cultivo | C10: -64379.014 | D10: =+(C10+E10)/2 -> -64379.014 | E10: -64379.014 | F10: =+(E10+G10)/2 -> -64379.014 | G10: -64379.014 | H10: =+(G10+I10)/2 -> -102872.37 | I10: -141365.72 | J10: =+(I10+K10)/2 -> -90297.332 | K10: -39228.948 | L10: -85642.682 | M10: -85642.682 | N10: -61290.346 | O10: -61290.346
A11: Humedales | B11: Tierras de Cultivo | C11: -79317.238 | D11: =+(C11+E11)/2 -> -79317.238 | E11: -79317.238 | F11: =+(E11+G11)/2 -> -79317.238 | G11: -79317.238 | H11: =+(G11+I11)/2 -> -88356.983 | I11: -97396.728 | J11: =+(I11+K11)/2 -> -80781.796 | K11: -64166.865 | L11: -7582.6227 | M11: -7582.6227 | N11: -24433.695 | O11: -24433.695
A12: Asentamientos | B12: Tierras de Cultivo | C12: 0 | D12: =+(C12+E12)/2 -> 0 | E12: 0 | F12: =+(E12+G12)/2 -> 0 | G12: 0 | H12: =+(G12+I12)/2 -> 0 | I12: 0 | J12: =+(I12+K12)/2 -> 0 | K12: 0 | L12: 0 | M12: 0 | N12: -2501.07 | O12: -2501.07
A13: Otras Tierras | B13: Tierras de Cultivo | C13: -12207.624 | D13: =+(C13+E13)/2 -> -12207.624 | E13: -12207.624 | F13: =+(E13+G13)/2 -> -12207.624 | G13: -12207.624 | H13: =+(G13+I13)/2 -> -50096.26 | I13: -87984.897 | J13: =+(I13+K13)/2 -> -51382.641 | K13: -14780.385 | L13: -5803.1307 | M13: -5803.1307 | N13: -32062.173 | O13: -32062.173
A14: Pastizales | B14: Pastizales | C14: NE | D14: NE | E14: NE | F14: NE | G14: NE | H14: NE | I14: NE | J14: NE | K14: NE | L14: NE | M14: NE | N14: NE | O14: NE
A15: Tierras Forestales | B15: Pastizales | C15: 1034352.7 | D15: =+(C15+E15)/2 -> 1034352.7 | E15: 1034352.7 | F15: =+(E15+G15)/2 -> 1034352.7 | G15: 1034352.7 | H15: =+(G15+I15)/2 -> 551831.98 | I15: 69311.211 | J15: =+(I15+K15)/2 -> 1692292.3 | K15: 3315273.3 | L15: 1577555.2 | M15: 1577555.2 | N15: 466865.19 | O15: 466865.19
A16: Tierras de Cultivo | B16: Pastizales | C16: -14.666667 | D16: =+(C16+E16)/2 -> -14.666667 | E16: -14.666667 | F16: =+(E16+G16)/2 -> -14.666667 | G16: -14.666667 | H16: =+(G16+I16)/2 -> -14.666667 | I16: -14.666667 | J16: =+(I16+K16)/2 -> -14.666667 | K16: -14.666667 | L16: -14.666667 | M16: -14.666667 | N16: -14.666667 | O16: -14.666667
A17: Humedales | B17: Pastizales | C17: -14.666667 | D17: =+(C17+E17)/2 -> -14.666667 | E17: -14.666667 | F17: =+(E17+G17)/2 -> -14.666667 | G17: -14.666667 | H17: =+(G17+I17)/2 -> -14.666667 | I17: -14.666667 | J17: =+(I17+K17)/2 -> -14.666667 | K17: -14.666667 | L17: -14.666667 | M17: -14.666667 | N17: -14.666667 | O17: -14.666667
A18: Asentamientos | B18: Pastizales | C18: 0 | D18: =+(C18+E18)/2 -> 0 | E18: 0 | F18: =+(E18+G18)/2 -> 0 | G18: 0 | H18: =+(G18+I18)/2 -> 0 | I18: 0 | J18: =+(I18+K18)/2 -> 0 | K18: 0 | L18: 0 | M18: 0 | N18: 0 | O18: 0
A19: Otras Tierras | B19: Pastizales | C19: -14.666667 | D19: =+(C19+E19)/2 -> -14.666667 | E19: -14.666667 | F19: =+(E19+G19)/2 -> -14.666667 | G19: -14.666667 | H19: =+(G19+I19)/2 -> -14.666667 | I19: -14.666667 | J19: =+(I19+K19)/2 -> -14.666667 | K19: -14.666667 | L19: -14.666667 | M19: -14.666667 | N19: -14.666667 | O19: -14.666667
A20: Humedales | B20: Humedales | C20: NE | D20: NE | E20: NE | F20: NE | G20: NE | H20: NE | I20: NE | J20: NE | K20: NE | L20: NE | M20: NE | N20: NE | O20: NE
A21: Tierras Forestales | B21: Humedales | C21: 257830.16 | D21: =+(C21+E21)/2 -> 257830.16 | E21: 257830.16 | F21: =+(E21+G21)/2 -> 257830.16 | G21: 257830.16 | H21: =+(G21+I21)/2 -> 317097.99 | I21: 376365.83 | J21: =+(I21+K21)/2 -> 359780.13 | K21: 343194.43 | L21: 2678956.2 | M21: 2678956.2 | N21: 3822773.4 | O21: 3822773.4
A22: Tierras de Cultivo | B22: Humedales | C22: 280075.86 | D22: =+(C22+E22)/2 -> 280075.86 | E22: 280075.86 | F22: =+(E22+G22)/2 -> 280075.86 | G22: 280075.86 | H22: =+(G22+I22)/2 -> 276337.79 | I22: 272599.73 | J22: =+(I22+K22)/2 -> 287145.21 | K22: 301690.7 | L22: 256322.55 | M22: 256322.55 | N22: 54708.061 | O22: 54708.061
A23: Pastizales | B23: Humedales | C23: 2896.9578 | D23: =+(C23+E23)/2 -> 2896.9578 | E23: 2896.9578 | F23: =+(E23+G23)/2 -> 2896.9578 | G23: 2896.9578 | H23: =+(G23+I23)/2 -> 4512.8068 | I23: 6128.6559 | J23: =+(I23+K23)/2 -> 3655.8793 | K23: 1183.1028 | L23: 7290.3204 | M23: 7290.3204 | N23: 947.69547 | O23: 947.69547
A24: Asentamientos | B24: Humedales | C24: 0 | D24: =+(C24+E24)/2 -> 0 | E24: 0 | F24: =+(E24+G24)/2 -> 0 | G24: 0 | H24: =+(G24+I24)/2 -> 0 | I24: 0 | J24: =+(I24+K24)/2 -> 0 | K24: 0 | L24: 0 | M24: 0 | N24: 0 | O24: 0
A25: Otras Tierras | B25: Humedales | C25: 0 | D25: =+(C25+E25)/2 -> 0 | E25: 0 | F25: =+(E25+G25)/2 -> 0 | G25: 0 | H25: =+(G25+I25)/2 -> 0 | I25: 0 | J25: =+(I25+K25)/2 -> 0 | K25: 0 | L25: 0 | M25: 0 | N25: 0 | O25: 0
A26: Asentamientos | B26: Asentamientos | C26: NE | D26: NE | E26: NE | F26: NE | G26: NE | H26: NE | I26: NE | J26: NE | K26: NE | L26: NE | M26: NE | N26: NE | O26: NE
A27: Tierras Forestales | B27: Asentamientos | C27: 163507.27 | D27: =+(C27+E27)/2 -> 163507.27 | E27: 163507.27 | F27: =+(E27+G27)/2 -> 163507.27 | G27: 163507.27 | H27: =+(G27+I27)/2 -> 153956.31 | I27: 144405.35 | J27: =+(I27+K27)/2 -> 202538.19 | K27: 260671.02 | L27: 973099.72 | M27: 973099.72 | N27: 710135.94 | O27: 710135.94
A28: Tierras de Cultivo | B28: Asentamientos | C28: 350768.68 | D28: =+(C28+E28)/2 -> 350768.68 | E28: 350768.68 | F28: =+(E28+G28)/2 -> 350768.68 | G28: 350768.68 | H28: =+(G28+I28)/2 -> 217366.73 | I28: 83964.781 | J28: =+(I28+K28)/2 -> 299275.2 | K28: 514585.61 | L28: 114868.15 | M28: 114868.15 | N28: 434189.52 | O28: 434189.52
A29: Pastizales | B29: Asentamientos | C29: 4236.7116 | D29: =+(C29+E29)/2 -> 4236.7116 | E29: 4236.7116 | F29: =+(E29+G29)/2 -> 4236.7116 | G29: 4236.7116 | H29: =+(G29+I29)/2 -> 3321.7939 | I29: 2406.8763 | J29: =+(I29+K29)/2 -> 2170.1937 | K29: 1933.5111 | L29: 1592.2911 | M29: 1592.2911 | N29: 13344.184 | O29: 13344.184
A30: Humedales | B30: Asentamientos | C30: 0 | D30: =+(C30+E30)/2 -> 0 | E30: 0 | F30: =+(E30+G30)/2 -> 0 | G30: 0 | H30: =+(G30+I30)/2 -> 0 | I30: 0 | J30: =+(I30+K30)/2 -> 0 | K30: 0 | L30: 0 | M30: 0 | N30: 0 | O30: 0
A31: Otras Tierras | B31: Asentamientos | C31: 0 | D31: =+(C31+E31)/2 -> 0 | E31: 0 | F31: =+(E31+G31)/2 -> 0 | G31: 0 | H31: =+(G31+I31)/2 -> 0 | I31: 0 | J31: =+(I31+K31)/2 -> 0 | K31: 0 | L31: 0 | M31: 0 | N31: 0 | O31: 0
A32: Otras Tierras | B32: Otras Tierras | C32: NA | D32: NA | E32: NA | F32: NA | G32: NA | H32: NA | I32: NA | J32: NA | K32: NA | L32: NA | M32: NA | N32: NA | O32: NA
A33: Tierras Forestales | B33: Otras Tierras | C33: 236927.22 | D33: =+(C33+E33)/2 -> 236927.22 | E33: 236927.22 | F33: =+(E33+G33)/2 -> 236927.22 | G33: 236927.22 | H33: =+(G33+I33)/2 -> 549772.32 | I33: 862617.41 | J33: =+(I33+K33)/2 -> 843084.1 | K33: 823550.78 | L33: 706285.94 | M33: 706285.94 | N33: 286005.97 | O33: 286005.97
A34: tierras de Cultivo | B34: Otras Tierras | C34: 122388.25 | D34: =+(C34+E34)/2 -> 122388.25 | E34: 122388.25 | F34: =+(E34+G34)/2 -> 122388.25 | G34: 122388.25 | H34: =+(G34+I34)/2 -> 99837.172 | I34: 77286.097 | J34: =+(I34+K34)/2 -> 134836.07 | K34: 192386.04 | L34: 7108.8017 | M34: 7108.8017 | N34: 84797.151 | O34: 84797.151
A35: Pastizales | B35: Otras Tierras | C35: 7995.2327 | D35: =+(C35+E35)/2 -> 7995.2327 | E35: 7995.2327 | F35: =+(E35+G35)/2 -> 7995.2327 | G35: 7995.2327 | H35: =+(G35+I35)/2 -> 12347.27 | I35: 16699.307 | J35: =+(I35+K35)/2 -> 11708.361 | K35: 6717.4155 | L35: 3198.7824 | M35: 3198.7824 | N35: 3210.2943 | O35: 3210.2943
A36: humedales | B36: Otras Tierras | C36: 0 | D36: =+(C36+E36)/2 -> 0 | E36: 0 | F36: =+(E36+G36)/2 -> 0 | G36: 0 | H36: =+(G36+I36)/2 -> 0 | I36: 0 | J36: =+(I36+K36)/2 -> 0 | K36: 0 | L36: 0 | M36: 0 | N36: 0 | O36: 0
A37: Asentamientos | B37: Otras Tierras | C37: 0 | D37: =+(C37+E37)/2 -> 0 | E37: 0 | F37: =+(E37+G37)/2 -> 0 | G37: 0 | H37: =+(G37+I37)/2 -> 0 | I37: 0 | J37: =+(I37+K37)/2 -> 0 | K37: 0 | L37: 0 | M37: 0 | N37: 0 | O37: 0
A38: Total (ton CO2e) | C38: =+SUM(C2:C37) -> 20215795 | D38: =+SUM(D2:D37) -> 19405541 | E38: =+SUM(E2:E37) -> 18595286 | F38: =+SUM(F2:F37) -> 16785155 | G38: =+SUM(G2:G37) -> 14975025 | H38: =+SUM(H2:H37) -> 17334512 | I38: =+SUM(I2:I37) -> 19693999 | J38: =+SUM(J2:J37) -> 17717536 | ... O38: =+SUM(O2:O37) -> 24282230 | P38: 22678.28 | Q38: 22302.116 | R38: 21807.316 | S38: 21358.544 | T38: 21046.288 | U38: 20606.864 | V38: 20099.052 | W38: 19743.605 | X38: 19451.863 | Y38: 18973.818 | Z38: 18651.84 | AA38: 18208.766 | AB38: 17847.33

Sheet INGEI_diffs
A1: Uso inicial | B1: Uso final | C1: 2010 | D1: 2011 | E1: 2012 | F1: 2013 | G1: 2014 | H1: 2015 | I1: 2016 | J1: 2017 | K1: 2018 | L1: 2019 | M1: 2020 | N1: 2021 | O1: 2022
A2: Tierras Forestales | B2: Tierras Forestales | C2: =+INGEI!C2 -> -19217574 | D2: =+INGEI!D2 -> -20027829 | E2: =+INGEI!E2 -> -20838084 | F2: =+INGEI!F2 -> -22648214 | G2: =+INGEI!G2 -> -24458345 | H2: =+INGEI!H2 -> -22793711 | I2: =+INGEI!I2 -> -21129078 | J2: =+INGEI!J2 -> -22396710 | ... O2: =+INGEI!O2 -> -18652838
C3: =+C2/1000000 -> -19.217574 | D3: =+D2/1000000 -> -20.027829 | E3: =+E2/1000000 -> -20.838084 | F3: =+F2/1000000 -> -22.648214 | G3: =+G2/1000000 -> -24.458345 | H3: =+H2/1000000 -> -22.793711 | I3: =+I2/1000000 -> -21.129078 | J3: =+J2/1000000 -> -22.39671 | ... O3: =+O2/1000000 -> -18.652838
A4: Tierra de Cultivo | B4: Tierras Forestales | C4: =+INGEI!C3 -> -260988.34 | D4: =+INGEI!D3 -> -260988.34 | E4: =+INGEI!E3 -> -260988.34 | F4: =+INGEI!F3 -> -260988.34 | G4: =+INGEI!G3 -> -260988.34 | H4: =+INGEI!H3 -> -184466.62 | I4: =+INGEI!I3 -> -107944.91 | J4: =+INGEI!J3 -> -142695.7 | ... O4: =+INGEI!O3 -> -47774.42
A5: Pastizales | B5: Tierras Forestales | C5: =+INGEI!C4 -> -37381.303 | D5: =+INGEI!D4 -> -37381.303 | E5: =+INGEI!E4 -> -37381.303 | F5: =+INGEI!F4 -> -37381.303 | G5: =+INGEI!G4 -> -37381.303 | H5: =+INGEI!H4 -> -50955.234 | I5: =+INGEI!I4 -> -64529.165 | J5: =+INGEI!J4 -> -77357.533 | ... O5: =+INGEI!O4 -> -1165.9996
A6: Humedales | B6: Tierras Forestales | C6: =+INGEI!C5 -> -763.30476 | D6: =+INGEI!D5 -> -763.30476 | E6: =+INGEI!E5 -> -763.30476 | F6: =+INGEI!F5 -> -763.30476 | G6: =+INGEI!G5 -> -763.30476 | H6: =+INGEI!H5 -> -807.24636 | I6: =+INGEI!I5 -> -851.18795 | J6: =+INGEI!J5 -> -610.33436 | ... O6: =+INGEI!O5 -> -250.65278
A7: Asentamientos | B7: Tierras Forestales | C7: =+INGEI!C6 -> 0 | D7: =+INGEI!D6 -> 0 | E7: =+INGEI!E6 -> 0 | F7: =+INGEI!F6 -> 0 | G7: =+INGEI!G6 -> 0 | H7: =+INGEI!H6 -> 0 | I7: =+INGEI!I6 -> 0 | J7: =+INGEI!J6 -> -1820.4818 | ... O7: =+INGEI!O6 -> 0
A8: Otras Tierras | B8: Tierras Forestales | C8: =+INGEI!C7 -> -165.03887 | D8: =+INGEI!D7 -> -165.03887 | E8: =+INGEI!E7 -> -165.03887 | F8: =+INGEI!F7 -> -165.03887 | G8: =+INGEI!G7 -> -165.03887 | H8: =+INGEI!H7 -> -321.61949 | I8: =+INGEI!I7 -> -478.20012 | J8: =+INGEI!J7 -> -2141.7919 | ... O8: =+INGEI!O7 -> -788.16566
C9: =+SUM(C4:C8)/1000 -> -299.29798 | D9: =+SUM(D4:D8)/1000 -> -299.29798 | E9: =+SUM(E4:E8)/1000 -> -299.29798 | F9: =+SUM(F4:F8)/1000 -> -299.29798 | G9: =+SUM(G4:G8)/1000 -> -299.29798 | H9: =+SUM(H4:H8)/1000 -> -236.55072 | I9: =+SUM(I4:I8)/1000 -> -173.80346 | J9: =+SUM(J4:J8)/1000 -> -224.62584 | ... O9: =+SUM(O4:O8)/1000 -> -49.979238
A10: Tierras de Cultivo | B10: Tierras de Cultivo | C10: =+INGEI!C8 -> 0 | D10: =+INGEI!D8 -> 0 | E10: =+INGEI!E8 -> 0 | F10: =+INGEI!F8 -> 0 | G10: =+INGEI!G8 -> 0 | H10: =+INGEI!H8 -> 0 | I10: =+INGEI!I8 -> 0 | J10: =+INGEI!J8 -> 0 | ... O10: =+INGEI!O8 -> 0
A11: Tierras Forestales | B11: Tierras de Cultivo | C11: =+INGEI!C9 -> 37427636 | D11: =+INGEI!D9 -> 37427636 | E11: =+INGEI!E9 -> 37427636 | F11: =+INGEI!F9 -> 37427636 | G11: =+INGEI!G9 -> 37427636 | H11: =+INGEI!H9 -> 38419762 | I11: =+INGEI!I9 -> 39411887 | J11: =+INGEI!J9 -> 36724892 | ... O11: =+INGEI!O9 -> 37228401
A12: Pastizales | B12: Tierras de Cultivo | C12: =+INGEI!C10 -> -64379.014 | D12: =+INGEI!D10 -> -64379.014 | E12: =+INGEI!E10 -> -64379.014 | F12: =+INGEI!F10 -> -64379.014 | G12: =+INGEI!G10 -> -64379.014 | H12: =+INGEI!H10 -> -102872.37 | I12: =+INGEI!I10 -> -141365.72 | J12: =+INGEI!J10 -> -90297.332 | ... O12: =+INGEI!O10 -> -61290.346
A13: Humedales | B13: Tierras de Cultivo | C13: =+INGEI!C11 -> -79317.238 | D13: =+INGEI!D11 -> -79317.238 | E13: =+INGEI!E11 -> -79317.238 | F13: =+INGEI!F11 -> -79317.238 | G13: =+INGEI!G11 -> -79317.238 | H13: =+INGEI!H11 -> -88356.983 | I13: =+INGEI!I11 -> -97396.728 | J13: =+INGEI!J11 -> -80781.796 | ... O13: =+INGEI!O11 -> -24433.695
A14: Asentamientos | B14: Tierras de Cultivo | C14: =+INGEI!C12 -> 0 | D14: =+INGEI!D12 -> 0 | E14: =+INGEI!E12 -> 0 | F14: =+INGEI!F12 -> 0 | G14: =+INGEI!G12 -> 0 | H14: =+INGEI!H12 -> 0 | I14: =+INGEI!I12 -> 0 | J14: =+INGEI!J12 -> 0 | ... O14: =+INGEI!O12 -> -2501.07
A15: Otras Tierras | B15: Tierras de Cultivo | C15: =+INGEI!C13 -> -12207.624 | D15: =+INGEI!D13 -> -12207.624 | E15: =+INGEI!E13 -> -12207.624 | F15: =+INGEI!F13 -> -12207.624 | G15: =+INGEI!G13 -> -12207.624 | H15: =+INGEI!H13 -> -50096.26 | I15: =+INGEI!I13 -> -87984.897 | J15: =+INGEI!J13 -> -51382.641 | ... O15: =+INGEI!O13 -> -32062.173
C16: =+SUM(C11:C15)/1000 -> 37271.732 | D16: =+SUM(D11:D15)/1000 -> 37271.732 | E16: =+SUM(E11:E15)/1000 -> 37271.732 | F16: =+SUM(F11:F15)/1000 -> 37271.732 | G16: =+SUM(G11:G15)/1000 -> 37271.732 | H16: =+SUM(H11:H15)/1000 -> 38178.436 | I16: =+SUM(I11:I15)/1000 -> 39085.14 | J16: =+SUM(J11:J15)/1000 -> 36502.43 | ... O16: =+SUM(O11:O15)/1000 -> 37108.114
A17: Pastizales | B17: Pastizales | C17: =+INGEI!C14 -> NE | D17: =+INGEI!D14 -> NE | E17: =+INGEI!E14 -> NE | F17: =+INGEI!F14 -> NE | G17: =+INGEI!G14 -> NE | H17: =+INGEI!H14 -> NE | I17: =+INGEI!I14 -> NE | J17: =+INGEI!J14 -> NE | ... O17: =+INGEI!O14 -> NE
A18: Tierras Forestales | B18: Pastizales | C18: =+INGEI!C15 -> 1034352.7 | D18: =+INGEI!D15 -> 1034352.7 | E18: =+INGEI!E15 -> 1034352.7 | F18: =+INGEI!F15 -> 1034352.7 | G18: =+INGEI!G15 -> 1034352.7 | H18: =+INGEI!H15 -> 551831.98 | I18: =+INGEI!I15 -> 69311.211 | J18: =+INGEI!J15 -> 1692292.3 | ... O18: =+INGEI!O15 -> 466865.19
A19: Tierras de Cultivo | B19: Pastizales | C19: =+INGEI!C16 -> -14.666667 | D19: =+INGEI!D16 -> -14.666667 | E19: =+INGEI!E16 -> -14.666667 | F19: =+INGEI!F16 -> -14.666667 | G19: =+INGEI!G16 -> -14.666667 | H19: =+INGEI!H16 -> -14.666667 | I19: =+INGEI!I16 -> -14.666667 | J19: =+INGEI!J16 -> -14.666667 | ... O19: =+INGEI!O16 -> -14.666667
A20: Humedales | B20: Pastizales | C20: =+INGEI!C17 -> -14.666667 | D20: =+INGEI!D17 -> -14.666667 | E20: =+INGEI!E17 -> -14.666667 | F20: =+INGEI!F17 -> -14.666667 | G20: =+INGEI!G17 -> -14.666667 | H20: =+INGEI!H17 -> -14.666667 | I20: =+INGEI!I17 -> -14.666667 | J20: =+INGEI!J17 -> -14.666667 | ... O20: =+INGEI!O17 -> -14.666667
A21: Asentamientos | B21: Pastizales | C21: =+INGEI!C18 -> 0 | D21: =+INGEI!D18 -> 0 | E21: =+INGEI!E18 -> 0 | F21: =+INGEI!F18 -> 0 | G21: =+INGEI!G18 -> 0 | H21: =+INGEI!H18 -> 0 | I21: =+INGEI!I18 -> 0 | J21: =+INGEI!J18 -> 0 | ... O21: =+INGEI!O18 -> 0
A22: Otras Tierras | B22: Pastizales | C22: =+INGEI!C19 -> -14.666667 | D22: =+INGEI!D19 -> -14.666667 | E22: =+INGEI!E19 -> -14.666667 | F22: =+INGEI!F19 -> -14.666667 | G22: =+INGEI!G19 -> -14.666667 | H22: =+INGEI!H19 -> -14.666667 | I22: =+INGEI!I19 -> -14.666667 | J22: =+INGEI!J19 -> -14.666667 | ... O22: =+INGEI!O19 -> -14.666667
B23: =+C18/1000 -> 1034.3527 | C23: =+SUM(C18:C22)/1000 -> 1034.3087 | D23: =+SUM(D18:D22)/1000 -> 1034.3087 | E23: =+SUM(E18:E22)/1000 -> 1034.3087 | F23: =+SUM(F18:F22)/1000 -> 1034.3087 | G23: =+SUM(G18:G22)/1000 -> 1034.3087 | H23: =+SUM(H18:H22)/1000 -> 551.78798 | I23: =+SUM(I18:I22)/1000 -> 69.267211 | J23: =+SUM(J18:J22)/1000 -> 1692.2483 | ... O23: =+SUM(O18:O22)/1000 -> 466.82119
A24: Humedales | B24: Humedales | C24: =+INGEI!C20 -> NE | D24: =+INGEI!D20 -> NE | E24: =+INGEI!E20 -> NE | F24: =+INGEI!F20 -> NE | G24: =+INGEI!G20 -> NE | H24: =+INGEI!H20 -> NE | I24: =+INGEI!I20 -> NE | J24: =+INGEI!J20 -> NE | ... O24: =+INGEI!O20 -> NE
A25: Tierras Forestales | B25: Humedales | C25: =+INGEI!C21 -> 257830.16 | D25: =+INGEI!D21 -> 257830.16 | E25: =+INGEI!E21 -> 257830.16 | F25: =+INGEI!F21 -> 257830.16 | G25: =+INGEI!G21 -> 257830.16 | H25: =+INGEI!H21 -> 317097.99 | I25: =+INGEI!I21 -> 376365.83 | J25: =+INGEI!J21 -> 359780.13 | ... O25: =+INGEI!O21 -> 3822773.4
A26: Tierras de Cultivo | B26: Humedales | C26: =+INGEI!C22 -> 280075.86 | D26: =+INGEI!D22 -> 280075.86 | E26: =+INGEI!E22 -> 280075.86 | F26: =+INGEI!F22 -> 280075.86 | G26: =+INGEI!G22 -> 280075.86 | H26: =+INGEI!H22 -> 276337.79 | I26: =+INGEI!I22 -> 272599.73 | J26: =+INGEI!J22 -> 287145.21 | ... O26: =+INGEI!O22 -> 54708.061
A27: Pastizales | B27: Humedales | C27: =+INGEI!C23 -> 2896.9578 | D27: =+INGEI!D23 -> 2896.9578 | E27: =+INGEI!E23 -> 2896.9578 | F27: =+INGEI!F23 -> 2896.9578 | G27: =+INGEI!G23 -> 2896.9578 | H27: =+INGEI!H23 -> 4512.8068 | I27: =+INGEI!I23 -> 6128.6559 | J27: =+INGEI!J23 -> 3655.8793 | ... O27: =+INGEI!O23 -> 947.69547
A28: Asentamientos | B28: Humedales | C28: =+INGEI!C24 -> 0 | D28: =+INGEI!D24 -> 0 | E28: =+INGEI!E24 -> 0 | F28: =+INGEI!F24 -> 0 | G28: =+INGEI!G24 -> 0 | H28: =+INGEI!H24 -> 0 | I28: =+INGEI!I24 -> 0 | J28: =+INGEI!J24 -> 0 | ... O28: =+INGEI!O24 -> 0
A29: Otras Tierras | B29: Humedales | C29: =+INGEI!C25 -> 0 | D29: =+INGEI!D25 -> 0 | E29: =+INGEI!E25 -> 0 | F29: =+INGEI!F25 -> 0 | G29: =+INGEI!G25 -> 0 | H29: =+INGEI!H25 -> 0 | I29: =+INGEI!I25 -> 0 | J29: =+INGEI!J25 -> 0 | ... O29: =+INGEI!O25 -> 0
C30: =+SUM(C25:C29)/1000 -> 540.80297 | D30: =+SUM(D25:D29)/1000 -> 540.80297 | E30: =+SUM(E25:E29)/1000 -> 540.80297 | F30: =+SUM(F25:F29)/1000 -> 540.80297 | G30: =+SUM(G25:G29)/1000 -> 540.80297 | H30: =+SUM(H25:H29)/1000 -> 597.94859 | I30: =+SUM(I25:I29)/1000 -> 655.09421 | J30: =+SUM(J25:J29)/1000 -> 650.58122 | ... O30: =+SUM(O25:O29)/1000 -> 3878.4292
A31: Asentamientos | B31: Asentamientos | C31: =+INGEI!C26 -> NE | D31: =+INGEI!D26 -> NE | E31: =+INGEI!E26 -> NE | F31: =+INGEI!F26 -> NE | G31: =+INGEI!G26 -> NE | H31: =+INGEI!H26 -> NE | I31: =+INGEI!I26 -> NE | J31: =+INGEI!J26 -> NE | ... O31: =+INGEI!O26 -> NE
A32: Tierras Forestales | B32: Asentamientos | C32: =+INGEI!C27 -> 163507.27 | D32: =+INGEI!D27 -> 163507.27 | E32: =+INGEI!E27 -> 163507.27 | F32: =+INGEI!F27 -> 163507.27 | G32: =+INGEI!G27 -> 163507.27 | H32: =+INGEI!H27 -> 153956.31 | I32: =+INGEI!I27 -> 144405.35 | J32: =+INGEI!J27 -> 202538.19 | ... O32: =+INGEI!O27 -> 710135.94
A33: Tierras de Cultivo | B33: Asentamientos | C33: =+INGEI!C28 -> 350768.68 | D33: =+INGEI!D28 -> 350768.68 | E33: =+INGEI!E28 -> 350768.68 | F33: =+INGEI!F28 -> 350768.68 | G33: =+INGEI!G28 -> 350768.68 | H33: =+INGEI!H28 -> 217366.73 | I33: =+INGEI!I28 -> 83964.781 | J33: =+INGEI!J28 -> 299275.2 | ... O33: =+INGEI!O28 -> 434189.52
A34: Pastizales | B34: Asentamientos | C34: =+INGEI!C29 -> 4236.7116 | D34: =+INGEI!D29 -> 4236.7116 | E34: =+INGEI!E29 -> 4236.7116 | F34: =+INGEI!F29 -> 4236.7116 | G34: =+INGEI!G29 -> 4236.7116 | H34: =+INGEI!H29 -> 3321.7939 | I34: =+INGEI!I29 -> 2406.8763 | J34: =+INGEI!J29 -> 2170.1937 | ... O34: =+INGEI!O29 -> 13344.184
A35: Humedales | B35: Asentamientos | C35: =+INGEI!C30 -> 0 | D35: =+INGEI!D30 -> 0 | E35: =+INGEI!E30 -> 0 | F35: =+INGEI!F30 -> 0 | G35: =+INGEI!G30 -> 0 | H35: =+INGEI!H30 -> 0 | I35: =+INGEI!I30 -> 0 | J35: =+INGEI!J30 -> 0 | ... O35: =+INGEI!O30 -> 0
A36: Otras Tierras | B36: Asentamientos | C36: =+INGEI!C31 -> 0 | D36: =+INGEI!D31 -> 0 | E36: =+INGEI!E31 -> 0 | F36: =+INGEI!F31 -> 0 | G36: =+INGEI!G31 -> 0 | H36: =+INGEI!H31 -> 0 | I36: =+INGEI!I31 -> 0 | J36: =+INGEI!J31 -> 0 | ... O36: =+INGEI!O31 -> 0
C37: =+SUM(C32:C36)/1000 -> 518.51266 | D37: =+SUM(D32:D36)/1000 -> 518.51266 | E37: =+SUM(E32:E36)/1000 -> 518.51266 | F37: =+SUM(F32:F36)/1000 -> 518.51266 | G37: =+SUM(G32:G36)/1000 -> 518.51266 | H37: =+SUM(H32:H36)/1000 -> 374.64484 | I37: =+SUM(I32:I36)/1000 -> 230.77701 | J37: =+SUM(J32:J36)/1000 -> 503.98358 | ... O37: =+SUM(O32:O36)/1000 -> 1157.6696
A38: Otras Tierras | B38: Otras Tierras | C38: =+INGEI!C32 -> NA | D38: =+INGEI!D32 -> NA | E38: =+INGEI!E32 -> NA | F38: =+INGEI!F32 -> NA | G38: =+INGEI!G32 -> NA | H38: =+INGEI!H32 -> NA | I38: =+INGEI!I32 -> NA | J38: =+INGEI!J32 -> NA | ... O38: =+INGEI!O32 -> NA
A39: Tierras Forestales | B39: Otras Tierras | C39: =+INGEI!C33 -> 236927.22 | D39: =+INGEI!D33 -> 236927.22 | E39: =+INGEI!E33 -> 236927.22 | F39: =+INGEI!F33 -> 236927.22 | G39: =+INGEI!G33 -> 236927.22 | H39: =+INGEI!H33 -> 549772.32 | I39: =+INGEI!I33 -> 862617.41 | J39: =+INGEI!J33 -> 843084.1 | ... O39: =+INGEI!O33 -> 286005.97
A40: tierras de Cultivo | B40: Otras Tierras | C40: =+INGEI!C34 -> 122388.25 | D40: =+INGEI!D34 -> 122388.25 | E40: =+INGEI!E34 -> 122388.25 | F40: =+INGEI!F34 -> 122388.25 | G40: =+INGEI!G34 -> 122388.25 | H40: =+INGEI!H34 -> 99837.172 | I40: =+INGEI!I34 -> 77286.097 | J40: =+INGEI!J34 -> 134836.07 | ... O40: =+INGEI!O34 -> 84797.151
A41: Pastizales | B41: Otras Tierras | C41: =+INGEI!C35 -> 7995.2327 | D41: =+INGEI!D35 -> 7995.2327 | E41: =+INGEI!E35 -> 7995.2327 | F41: =+INGEI!F35 -> 7995.2327 | G41: =+INGEI!G35 -> 7995.2327 | H41: =+INGEI!H35 -> 12347.27 | I41: =+INGEI!I35 -> 16699.307 | J41: =+INGEI!J35 -> 11708.361 | ... O41: =+INGEI!O35 -> 3210.2943
A42: humedales | B42: Otras Tierras | C42: =+INGEI!C36 -> 0 | D42: =+INGEI!D36 -> 0 | E42: =+INGEI!E36 -> 0 | F42: =+INGEI!F36 -> 0 | G42: =+INGEI!G36 -> 0 | H42: =+INGEI!H36 -> 0 | I42: =+INGEI!I36 -> 0 | J42: =+INGEI!J36 -> 0 | ... O42: =+INGEI!O36 -> 0
A43: Asentamientos | B43: Otras Tierras | C43: =+INGEI!C37 -> 0 | D43: =+INGEI!D37 -> 0 | E43: =+INGEI!E37 -> 0 | F43: =+INGEI!F37 -> 0 | G43: =+INGEI!G37 -> 0 | H43: =+INGEI!H37 -> 0 | I43: =+INGEI!I37 -> 0 | J43: =+INGEI!J37 -> 0 | ... O43: =+INGEI!O37 -> 0
B44: =+O39/1000 -> 286.00597 | C44: =+SUM(C39:C43)/1000 -> 367.3107 | D44: =+SUM(D39:D43)/1000 -> 367.3107 | E44: =+SUM(E39:E43)/1000 -> 367.3107 | F44: =+SUM(F39:F43)/1000 -> 367.3107 | G44: =+SUM(G39:G43)/1000 -> 367.3107 | H44: =+SUM(H39:H43)/1000 -> 661.95676 | I44: =+SUM(I39:I43)/1000 -> 956.60281 | J44: =+SUM(J39:J43)/1000 -> 989.62853 | ... O44: =+SUM(O39:O43)/1000 -> 374.01342
A45: Total | C45: =+SUM(C2:C43) -> 20254842 | D45: =+SUM(D2:D43) -> 19444587 | E45: =+SUM(E2:E43) -> 18634331 | F45: =+SUM(F2:F43) -> 16824199 | G45: =+SUM(G2:G43) -> 15014066 | H45: =+SUM(H2:H43) -> 17373955 | I45: =+SUM(I2:I43) -> 19733845 | J45: =+SUM(J2:J43) -> 17756638 | ... O45: =+SUM(O2:O43) -> 24324772
C46: =+C3+C9+C16+C23+C30+C37+C44 -> 39414.152 | D46: =+D3+D9+D16+D23+D30+D37+D44 -> 39413.342 | E46: =+E3+E9+E16+E23+E30+E37+E44 -> 39412.531 | F46: =+F3+F9+F16+F23+F30+F37+F44 -> 39410.721 | G46: =+G3+G9+G16+G23+G30+G37+G44 -> 39408.911 | H46: =+H3+H9+H16+H23+H30+H37+H44 -> 40105.43 | I46: =+I3+I9+I16+I23+I30+I37+I44 -> 40801.948 | J46: =+J3+J9+J16+J23+J30+J37+J44 -> 40091.849 | ... O46: =+O3+O9+O16+O23+O30+O37+O44 -> 42916.416
A48: Resultados del modelo | B48: 2010 | C48: 2011 | D48: 2012 | E48: 2013 | F48: 2014 | G48: 2015 | H48: 2016 | I48: 2017 | J48: 2018 | K48: 2019 | L48: 2020 | M48: 2021 | N48: 2022
A49: Convertidas a cultivos | B49: 37271.83 | C49: 37271.83 | D49: 37271.83 | E49: 37271.83 | F49: 37271.83 | G49: 38178.65 | H49: 39084.98 | I49: 36502.53 | J49: 33919.72 | K49: 33390.16 | L49: 33390.16 | M49: 37108.12 | N49: 37108.12
A50: Convertidas a otros usos | B50: 367.82 | C50: 367.82 | D50: 367.82 | E50: 367.82 | F50: 367.82 | G50: 663.17 | H50: 958.46 | I50: 993.89 | J50: 1029.01 | K50: 718.55 | L50: 718.55 | M50: 374.43 | N50: 374.43
A51: Convertido a asentamientos | B51: 517.2 | C51: 517.2 | D51: 517.2 | E51: 517.2 | F51: 517.2 | G51: 371.74 | H51: 226.3 | I51: 496.06 | J51: 765.82 | K51: 1086.06 | L51: 1086.06 | M51: 1156.8 | N51: 1156.8
A52: Convertido a humedales | B52: 539.93 | C52: 539.93 | D52: 539.93 | E52: 539.93 | F52: 539.93 | G52: 596.91 | H52: 653.86 | I52: 567.61 | J52: 643.22 | K52: 2943.61 | L52: 2943.61 | M52: 3881.36 | N52: 3881.06
A53: Convertido a pastizales | B53: 1034.3 | C53: 1034.3 | D53: 1034.3 | E53: 1034.3 | F53: 1034.3 | G53: 551.8 | H53: 69.2 | I53: 1691.4 | J53: 3313.5 | K53: 1577.6 | L53: 1577.6 | M53: 442.1 | N53: 442.1
A54: Tierras forestales | B54: -19205.1 | C54: -20014.4 | D54: -20823.6 | E54: -22633.5 | F54: -24443.8 | G54: -22778.9 | H54: -21114.4 | I54: -22381.9 | J54: -23649.4 | K54: -24334.7 | L54: -23864.3 | M54: -21055.7 | N54: -18639.3
A55: Convertidas a tierras forestales | B55: -299.22 | C55: -299.22 | D55: -299.22 | E55: -299.22 | F55: -299.22 | G55: -236.46 | H55: -173.78 | I55: -222.78 | J55: -275.44 | K55: -45.81 | L55: -45.81 | M55: -49.87 | N55: -49.87
A56: Totales netas | B56: =+SUM(B49:B55) -> 20226.76 | C56: =+SUM(C49:C55) -> 19417.46 | D56: =+SUM(D49:D55) -> 18608.26 | E56: =+SUM(E49:E55) -> 16798.36 | F56: =+SUM(F49:F55) -> 14988.06 | G56: =+SUM(G49:G55) -> 17346.91 | H56: =+SUM(H49:H55) -> 19704.62 | I56: =+SUM(I49:I55) -> 17646.81 | ... N56: =+SUM(N49:N55) -> 24273.34
A58: Resultados INGEI (resumen) | B58: 2010 | C58: 2011 | D58: 2012 | E58: 2013 | F58: 2014 | G58: 2015 | H58: 2016 | I58: 2017 | J58: 2018 | K58: 2019 | L58: 2020 | M58: 2021 | N58: 2022
A59: Convertidas a cultivos | B59: =+SUM(C10:C15)/1000 -> 37271.732 | C59: =+SUM(D10:D15)/1000 -> 37271.732 | D59: =+SUM(E10:E15)/1000 -> 37271.732 | E59: =+SUM(F10:F15)/1000 -> 37271.732 | F59: =+SUM(G10:G15)/1000 -> 37271.732 | G59: =+SUM(H10:H15)/1000 -> 38178.436 | H59: =+SUM(I10:I15)/1000 -> 39085.14 | I59: =+SUM(J10:J15)/1000 -> 36502.43 | ... N59: =+SUM(O10:O15)/1000 -> 37108.114
A60: Convertidas a otros usos | B60: =+SUM(C38:C43)/1000 -> 367.3107 | C60: =+SUM(D38:D43)/1000 -> 367.3107 | D60: =+SUM(E38:E43)/1000 -> 367.3107 | E60: =+SUM(F38:F43)/1000 -> 367.3107 | F60: =+SUM(G38:G43)/1000 -> 367.3107 | G60: =+SUM(H38:H43)/1000 -> 661.95676 | H60: =+SUM(I38:I43)/1000 -> 956.60281 | I60: =+SUM(J38:J43)/1000 -> 989.62853 | ... N60: =+SUM(O38:O43)/1000 -> 374.01342
A61: Convertido a asentamientos | B61: =+SUM(C31:C36)/1000 -> 518.51266 | C61: =+SUM(D31:D36)/1000 -> 518.51266 | D61: =+SUM(E31:E36)/1000 -> 518.51266 | E61: =+SUM(F31:F36)/1000 -> 518.51266 | F61: =+SUM(G31:G36)/1000 -> 518.51266 | G61: =+SUM(H31:H36)/1000 -> 374.64484 | H61: =+SUM(I31:I36)/1000 -> 230.77701 | I61: =+SUM(J31:J36)/1000 -> 503.98358 | ... N61: =+SUM(O31:O36)/1000 -> 1157.6696
A62: Convertido a humedales | B62: =+SUM(C24:C29)/1000 -> 540.80297 | C62: =+SUM(D24:D29)/1000 -> 540.80297 | D62: =+SUM(E24:E29)/1000 -> 540.80297 | E62: =+SUM(F24:F29)/1000 -> 540.80297 | F62: =+SUM(G24:G29)/1000 -> 540.80297 | G62: =+SUM(H24:H29)/1000 -> 597.94859 | H62: =+SUM(I24:I29)/1000 -> 655.09421 | I62: =+SUM(J24:J29)/1000 -> 650.58122 | ... N62: =+SUM(O24:O29)/1000 -> 3878.4292
A63: Convertido a pastizales | B63: =+SUM(C17:C22)/1000 -> 1034.3087 | C63: =+SUM(D17:D22)/1000 -> 1034.3087 | D63: =+SUM(E17:E22)/1000 -> 1034.3087 | E63: =+SUM(F17:F22)/1000 -> 1034.3087 | F63: =+SUM(G17:G22)/1000 -> 1034.3087 | G63: =+SUM(H17:H22)/1000 -> 551.78798 | H63: =+SUM(I17:I22)/1000 -> 69.267211 | I63: =+SUM(J17:J22)/1000 -> 1692.2483 | ... N63: =+SUM(O17:O22)/1000 -> 466.82119
A64: Tierras forestales | B64: =+C2/1000 -> -19217.574 | C64: =+D2/1000 -> -20027.829 | D64: =+E2/1000 -> -20838.084 | E64: =+F2/1000 -> -22648.214 | F64: =+G2/1000 -> -24458.345 | G64: =+H2/1000 -> -22793.711 | H64: =+I2/1000 -> -21129.078 | I64: =+J2/1000 -> -22396.71 | ... N64: =+O2/1000 -> -18652.838
A65: Convertidas a tierras forestales | B65: =+SUM(C4:C8)/1000 -> -299.29798 | C65: =+SUM(D4:D8)/1000 -> -299.29798 | D65: =+SUM(E4:E8)/1000 -> -299.29798 | E65: =+SUM(F4:F8)/1000 -> -299.29798 | F65: =+SUM(G4:G8)/1000 -> -299.29798 | G65: =+SUM(H4:H8)/1000 -> -236.55072 | H65: =+SUM(I4:I8)/1000 -> -173.80346 | I65: =+SUM(J4:J8)/1000 -> -224.62584 | ... N65: =+SUM(O4:O8)/1000 -> -49.979238
A66: Totales netas | B66: =+SUM(B59:B65) -> 20215.795 | C66: =+SUM(C59:C65) -> 19405.541 | D66: =+SUM(D59:D65) -> 18595.286 | E66: =+SUM(E59:E65) -> 16785.155 | F66: =+SUM(F59:F65) -> 14975.025 | G66: =+SUM(G59:G65) -> 17334.512 | H66: =+SUM(H59:H65) -> 19693.999 | I66: =+SUM(I59:I65) -> 17717.536 | ... N66: =+SUM(N59:N65) -> 24282.23
A68: Resultados INGEI (% diferencia) | B68: 2010 | C68: 2011 | D68: 2012 | E68: 2013 | F68: 2014 | G68: 2015 | H68: 2016 | I68: 2017 | J68: 2018 | K68: 2019 | L68: 2020 | M68: 2021 | N68: 2022
A69: Convertidas a cultivos | B69: =+(B59-B49)/B49 -> -2.6204798e-06 | C69: =+(C59-C49)/C49 -> -2.6204798e-06 | D69: =+(D59-D49)/D49 -> -2.6204798e-06 | E69: =+(E59-E49)/E49 -> -2.6204798e-06 | F69: =+(F59-F49)/F49 -> -2.6204798e-06 | G69: =+(G59-G49)/G49 -> -5.6073357e-06 | H69: =+(H59-H49)/H49 -> 4.0810834e-06 | I69: =+(I59-I49)/I49 -> -2.7277751e-06 | ... N69: =+(N59-N49)/N49 -> -1.5767385e-07
A70: Convertidas a otros usos | B70: =+(B60-B50)/B50 -> -0.0013846422 | C70: =+(C60-C50)/C50 -> -0.0013846422 | D70: =+(D60-D50)/D50 -> -0.0013846422 | E70: =+(E60-E50)/E50 -> -0.0013846422 | F70: =+(F60-F50)/F50 -> -0.0013846422 | G70: =+(G60-G50)/G50 -> -0.001829459 | H70: =+(H60-H50)/H50 -> -0.0019376766 | I70: =+(I60-I50)/I50 -> -0.0042876715 | ... N70: =+(N60-N50)/N50 -> -0.0011125762
A71: Convertido a asentamientos | B71: =+(B61-B51)/B51 -> 0.0025380205 | C71: =+(C61-C51)/C51 -> 0.0025380205 | D71: =+(D61-D51)/D51 -> 0.0025380205 | E71: =+(E61-E51)/E51 -> 0.0025380205 | F71: =+(F61-F51)/F51 -> 0.0025380205 | G71: =+(G61-G51)/G51 -> 0.0078141601 | H71: =+(H61-H51)/H51 -> 0.019783507 | I71: =+(I61-I51)/I51 -> 0.015973019 | ... N71: =+(N61-N51)/N51 -> 0.00075176685
A72: Convertido a humedales | B72: =+(B62-B52)/B52 -> 0.001616824 | C72: =+(C62-C52)/C52 -> 0.001616824 | D72: =+(D62-D52)/D52 -> 0.001616824 | E72: =+(E62-E52)/E52 -> 0.001616824 | F72: =+(F62-F52)/F52 -> 0.001616824 | G72: =+(G62-G52)/G52 -> 0.0017399474 | H72: =+(H62-H52)/H52 -> 0.0018875786 | I72: =+(I62-I52)/I52 -> 0.14617646 | ... N72: =+(N62-N52)/N52 -> -0.00067785928
A73: Convertido a pastizales | B73: =+(B63-B53)/B53 -> 8.4578588e-06 | C73: =+(C63-C53)/C53 -> 8.4578588e-06 | D73: =+(D63-D53)/D53 -> 8.4578588e-06 | E73: =+(E63-E53)/E53 -> 8.4578588e-06 | F73: =+(F63-F53)/F53 -> 8.4578588e-06 | G73: =+(G63-G53)/G53 -> -2.1784245e-05 | H73: =+(H63-H53)/H53 -> 0.00097125641 | I73: =+(I63-I53)/I53 -> 0.00050151582 | ... N73: =+(N63-N53)/N53 -> 0.055917639
A74: Tierras forestales | B74: =+(B64-B54)/B54 -> 0.00064951289 | C74: =+(C64-C54)/C54 -> 0.00067095618 | D74: =+(D64-D54)/D54 -> 0.00069553827 | E74: =+(E64-E54)/E54 -> 0.00065010527 | F74: =+(F64-F54)/F54 -> 0.00059502633 | G74: =+(G64-G54)/G54 -> 0.00065022531 | H74: =+(H64-H54)/H54 -> 0.00069517154 | I74: =+(I64-I54)/I54 -> 0.00066169187 | ... N74: =+(N64-N54)/N54 -> 0.00072633866
A75: Convertidas a tierras forestales | B75: =+(B65-B55)/B55 -> 0.00026062663 | C75: =+(C65-C55)/C55 -> 0.00026062663 | D75: =+(D65-D55)/D55 -> 0.00026062663 | E75: =+(E65-E55)/E55 -> 0.00026062663 | F75: =+(F65-F55)/F55 -> 0.00026062663 | G75: =+(G65-G55)/G55 -> 0.00038367309 | H75: =+(H65-H55)/H55 -> 0.00013500966 | I75: =+(I65-I55)/I55 -> 0.0082854836 | ... N75: =+(N65-N55)/N55 -> 0.0021904484
A76: Totales netas | B76: =+(B66-B56)/B56 -> -0.00054208039 | C76: =+(C66-C56)/C56 -> -0.0006138473 | D76: =+(D66-D56)/D56 -> -0.00069722697 | E76: =+(E66-E56)/E56 -> -0.00078607243 | F76: =+(F66-F56)/F56 -> -0.00086971059 | G76: =+(G66-G56)/G56 -> -0.00071471265 | H76: =+(H66-H56)/H56 -> -0.00053900241 | I76: =+(I66-I56)/I56 -> 0.0040078777 | ... N76: =+(N66-N56)/N56 -> 0.00036624152

Sheet Pastizales
A1: Emisiones | B1: =+INGEI_diffs!C18/1000 -> 1034.3527 | C1: =+INGEI_diffs!D18/1000 -> 1034.3527 | D1: =+INGEI_diffs!E18/1000 -> 1034.3527 | E1: =+INGEI_diffs!F18/1000 -> 1034.3527 | F1: =+INGEI_diffs!G18/1000 -> 1034.3527 | G1: =+INGEI_diffs!H18/1000 -> 551.83198 | H1: =+INGEI_diffs!I18/1000 -> 69.311211 | I1: =+INGEI_diffs!J18/1000 -> 1692.2923 | ... N1: =+INGEI_diffs!O18/1000 -> 466.86519
A2: Emisiones(miles de tonCO2e) | B2: 2010 | C2: 2011 | D2: 2012 | E2: 2013 | F2: 2014 | G2: 2015 | H2: 2016 | I2: 2017 | J2: 2018 | K2: 2019 | L2: 2020 | M2: 2021 | N2: 2022
A3: B. Seco Andino | B3: =+'5ta'!$R87*B$1 -> 2.5353085 | C3: =+'5ta'!$R87*C$1 -> 2.5353085 | D3: =+'5ta'!$R87*D$1 -> 2.5353085 | E3: =+'5ta'!$R87*E$1 -> 2.5353085 | F3: =+'5ta'!$R87*F$1 -> 2.5353085 | G3: =+'5ta'!$R87*G$1 -> 1.3525988 | H3: =+'5ta'!$R87*H$1 -> 0.16988914 | I3: =+'5ta'!$R87*I$1 -> 4.1479881 | ... N3: =+'5ta'!$R87*N$1 -> 1.1443362
A4: B. Seco Pluvioestacional | B4: =+'5ta'!$R88*B$1 -> 24.757758 | C4: =+'5ta'!$R88*C$1 -> 24.757758 | D4: =+'5ta'!$R88*D$1 -> 24.757758 | E4: =+'5ta'!$R88*E$1 -> 24.757758 | F4: =+'5ta'!$R88*F$1 -> 24.757758 | G4: =+'5ta'!$R88*G$1 -> 13.208379 | H4: =+'5ta'!$R88*H$1 -> 1.658999 | I4: =+'5ta'!$R88*I$1 -> 40.505875 | ... N4: =+'5ta'!$R88*N$1 -> 11.174655
A5: B. Siempre verde andino Montano | B5: =+'5ta'!$R89*B$1 -> 236.73611 | C5: =+'5ta'!$R89*C$1 -> 236.73611 | D5: =+'5ta'!$R89*D$1 -> 236.73611 | E5: =+'5ta'!$R89*E$1 -> 236.73611 | F5: =+'5ta'!$R89*F$1 -> 236.73611 | G5: =+'5ta'!$R89*G$1 -> 126.29981 | H5: =+'5ta'!$R89*H$1 -> 15.863511 | I5: =+'5ta'!$R89*I$1 -> 387.32114 | ... N5: =+'5ta'!$R89*N$1 -> 106.85315
A6: B. Siempre verde andino Pie montano | B6: =+'5ta'!$R90*B$1 -> 96.231701 | C6: =+'5ta'!$R90*C$1 -> 96.231701 | D6: =+'5ta'!$R90*D$1 -> 96.231701 | E6: =+'5ta'!$R90*E$1 -> 96.231701 | F6: =+'5ta'!$R90*F$1 -> 96.231701 | G6: =+'5ta'!$R90*G$1 -> 51.340058 | H6: =+'5ta'!$R90*H$1 -> 6.448415 | I6: =+'5ta'!$R90*I$1 -> 157.44354 | ... N6: =+'5ta'!$R90*N$1 -> 43.435116
A7: B. Siempre verde andino de Ceja Andina | B7: =+'5ta'!$R91*B$1 -> 66.272281 | C7: =+'5ta'!$R91*C$1 -> 66.272281 | D7: =+'5ta'!$R91*D$1 -> 66.272281 | E7: =+'5ta'!$R91*E$1 -> 66.272281 | F7: =+'5ta'!$R91*F$1 -> 66.272281 | G7: =+'5ta'!$R91*G$1 -> 35.356569 | H7: =+'5ta'!$R91*H$1 -> 4.4408564 | I7: =+'5ta'!$R91*I$1 -> 108.42729 | ... N7: =+'5ta'!$R91*N$1 -> 29.912639
A8: B. Siempre verde de tierras bajas de la Amazonía | B8: =+'5ta'!$R92*B$1 -> 484.94723 | C8: =+'5ta'!$R92*C$1 -> 484.94723 | D8: =+'5ta'!$R92*D$1 -> 484.94723 | E8: =+'5ta'!$R92*E$1 -> 484.94723 | F8: =+'5ta'!$R92*F$1 -> 484.94723 | G8: =+'5ta'!$R92*G$1 -> 258.72159 | H8: =+'5ta'!$R92*H$1 -> 32.495954 | I8: =+'5ta'!$R92*I$1 -> 793.4164 | ... N8: =+'5ta'!$R92*N$1 -> 218.88565
A9: B. Siempre verde de tierras bajas del Chocó | B9: =+'5ta'!$R93*B$1 -> 53.72836 | C9: =+'5ta'!$R93*C$1 -> 53.72836 | D9: =+'5ta'!$R93*D$1 -> 53.72836 | E9: =+'5ta'!$R93*E$1 -> 53.72836 | F9: =+'5ta'!$R93*F$1 -> 53.72836 | G9: =+'5ta'!$R93*G$1 -> 28.664329 | H9: =+'5ta'!$R93*H$1 -> 3.6002976 | I9: =+'5ta'!$R93*I$1 -> 87.904333 | ... N9: =+'5ta'!$R93*N$1 -> 24.250819
A10: Manglar | B10: =+'5ta'!$R94*B$1 -> 13.343553 | C10: =+'5ta'!$R94*C$1 -> 13.343553 | D10: =+'5ta'!$R94*D$1 -> 13.343553 | E10: =+'5ta'!$R94*E$1 -> 13.343553 | F10: =+'5ta'!$R94*F$1 -> 13.343553 | G10: =+'5ta'!$R94*G$1 -> 7.1188471 | H10: =+'5ta'!$R94*H$1 -> 0.89414157 | I10: =+'5ta'!$R94*I$1 -> 21.831228 | ... N10: =+'5ta'!$R94*N$1 -> 6.0227425
A11: Moretal | B11: =+'5ta'!$R95*B$1 -> 55.800453 | C11: =+'5ta'!$R95*C$1 -> 55.800453 | D11: =+'5ta'!$R95*D$1 -> 55.800453 | E11: =+'5ta'!$R95*E$1 -> 55.800453 | F11: =+'5ta'!$R95*F$1 -> 55.800453 | G11: =+'5ta'!$R95*G$1 -> 29.7698 | H11: =+'5ta'!$R95*H$1 -> 3.739147 | I11: =+'5ta'!$R95*I$1 -> 91.29446 | ... N11: =+'5ta'!$R95*N$1 -> 25.186078
A12: Total | B12: =+SUM(B3:B11) -> 1034.3527 | C12: =+SUM(C3:C11) -> 1034.3527 | D12: =+SUM(D3:D11) -> 1034.3527 | E12: =+SUM(E3:E11) -> 1034.3527 | F12: =+SUM(F3:F11) -> 1034.3527 | G12: =+SUM(G3:G11) -> 551.83198 | H12: =+SUM(H3:H11) -> 69.311211 | I12: =+SUM(I3:I11) -> 1692.2923 | ... N12: =+SUM(N3:N11) -> 466.86519
A14: Cobertura
A15: B. Seco Andino | B15: 0 | C15: 0 | D15: 0 | E15: 0 | F15: 0 | G15: 0 | H15: 0 | I15: 0.08 | J15: 0.16 | K15: 0.02 | L15: 0.02394 | M15: 0 | N15: 0
A16: B. Seco Pluvioestacional | B16: 0 | C16: 0 | D16: 0 | E16: 0 | F16: 0 | G16: 0 | H16: 0 | I16: 0.3 | J16: 0.61 | K16: 0.19 | L16: 0.19 | M16: 0.47 | N16: 0.47
A17: B. Siempre verde andino Montano | B17: 0 | C17: 0 | D17: 0 | E17: 0 | F17: 0 | G17: 0 | H17: 0 | I17: 0.2 | J17: 0.39 | K17: 0.85 | L17: 0.85 | M17: 0.08 | N17: 0.08
A18: B. Siempre verde andino Pie montano | B18: 0 | C18: 0 | D18: 0 | E18: 0 | F18: 0 | G18: 0 | H18: 0 | I18: 0.03 | J18: 0.07 | K18: 0.15 | L18: 0.15 | M18: 0.02 | N18: 0.02
A19: B. Siempre verde andino de Ceja Andina | B19: 0 | C19: 0 | D19: 0 | E19: 0 | F19: 0 | G19: 0 | H19: 0 | I19: 0.19121 | J19: 0.38241 | K19: 1.33529 | L19: 1.33529 | M19: 0.04046 | N19: 0.04046
A20: B. Siempre verde de tierras bajas de la Amazonía | B20: 0 | C20: 0 | D20: 0 | E20: 0 | F20: 0 | G20: 0 | H20: 0 | I20: 0.02032 | J20: 0.04064 | K20: 0.34286 | L20: 0.34286 | M20: 0.01976 | N20: 0.01976
A21: B. Siempre verde de tierras bajas del Chocó | B21: 0 | C21: 0 | D21: 0 | E21: 0 | F21: 0 | G21: 0 | H21: 0 | I21: 0.07 | J21: 0.13046 | K21: 0.58 | L21: 0.58 | M21: 0.04 | N21: 0.04
A22: Manglar | B22: 0 | C22: 0 | D22: 0 | E22: 0 | F22: 0 | G22: 0 | H22: 0 | I22: 0.01 | J22: 0.02 | K22: 0.1 | L22: 0.1 | M22: 0.14 | N22: 0.14
A23: Moretal | B23: 0 | C23: 0 | D23: 0 | E23: 0 | F23: 0 | G23: 0 | H23: 0 | I23: 0 | J23: 0 | K23: 0.02 | L23: 0.02 | M23: 0.00036 | N23: 0.00036
A25: EAR
A26: B. Seco Andino | B26: 0 | C26: 0 | D26: 0 | E26: 0 | F26: 0 | G26: 0 | H26: 0 | I26: =+I3/I15 -> 51.849851 | J26: =+J3/J15 -> 50.788044 | K26: =+K3/K15 -> 193.33776 | L26: =+L3/L15 -> 161.5186 | M26: 0 | N26: 0
A27: B. Seco Pluvioestacional | B27: 0 | C27: 0 | D27: 0 | E27: 0 | F27: 0 | G27: 0 | H27: 0 | I27: =+I4/I16 -> 135.01958 | J27: =+J4/J16 -> 130.08648 | K27: =+K4/K16 -> 198.73465 | L27: =+L4/L16 -> 198.73465 | M27: =+M4/M16 -> 23.775863 | N27: =+N4/N16 -> 23.775863
A28: B. Siempre verde andino Montano | B28: 0 | C28: 0 | D28: 0 | E28: 0 | F28: 0 | G28: 0 | H28: 0 | I28: =+I5/I17 -> 1936.6057 | J28: =+J5/J17 -> 1945.5866 | K28: =+K5/K17 -> 424.77745 | L28: =+L5/L17 -> 424.77745 | M28: =+M5/M17 -> 1335.6644 | N28: =+N5/N17 -> 1335.6644
A29: B. Siempre verde andino Pie montano | B29: 0 | C29: 0 | D29: 0 | E29: 0 | F29: 0 | G29: 0 | H29: 0 | I29: =+I6/I18 -> 5248.1182 | J29: =+J6/J18 -> 4406.2668 | K29: =+K6/K18 -> 978.45934 | L29: =+L6/L18 -> 978.45934 | M29: =+M6/M18 -> 2171.7558 | N29: =+N6/N18 -> 2171.7558
A30: B. Siempre verde andino de Ceja Andina | B30: 0 | C30: 0 | D30: 0 | E30: 0 | F30: 0 | G30: 0 | H30: 0 | I30: =+I7/I19 -> 567.05869 | J30: =+J7/J19 -> 555.46071 | K30: =+K7/K19 -> 75.695873 | L30: =+L7/L19 -> 75.695873 | M30: =+M7/M19 -> 739.31388 | N30: =+N7/N19 -> 739.31388
A31: B. Siempre verde de tierras bajas de la Amazonía | B31: 0 | C31: 0 | D31: 0 | E31: 0 | F31: 0 | G31: 0 | H31: 0 | I31: =+I8/I20 -> 39046.083 | J31: =+J8/J20 -> 38246.478 | K31: =+K8/K20 -> 2157.2155 | L31: =+L8/L20 -> 2157.2155 | M31: =+M8/M20 -> 11077.209 | N31: =+N8/N20 -> 11077.209
A32: B. Siempre verde de tierras bajas del Chocó | B32: 0 | C32: 0 | D32: 0 | E32: 0 | F32: 0 | G32: 0 | H32: 0 | I32: =+I9/I21 -> 1255.7762 | J32: =+J9/J21 -> 1320.009 | K32: =+K9/K21 -> 141.28351 | L32: =+L9/L21 -> 141.28351 | M32: =+M9/M21 -> 606.27047 | N32: =+N9/N21 -> 606.27047
A33: Manglar | B33: 0 | C33: 0 | D33: 0 | E33: 0 | F33: 0 | G33: 0 | H33: 0 | I33: =+I10/I22 -> 2183.1228 | J33: =+J10/J22 -> 2138.4157 | K33: =+K10/K22 -> 203.51075 | L33: =+L10/L22 -> 203.51075 | M33: =+M10/M22 -> 43.019589 | N33: =+N10/N22 -> 43.019589
A34: Moretal | B34: 0 | C34: 0 | D34: 0 | E34: 0 | F34: 0 | G34: 0 | H34: 0 | I34: 0 | J34: 0 | K34: =+K11/K23 -> 4255.2356 | L34: =+L11/L23 -> 4255.2356 | M34: =+M11/M23 -> 69961.328 | N34: =+N11/N23 -> 69961.328
B36: =+B15*B26 -> 0 | C36: =+C15*C26 -> 0 | D36: =+D15*D26 -> 0 | E36: =+E15*E26 -> 0 | F36: =+F15*F26 -> 0 | G36: =+G15*G26 -> 0 | H36: =+H15*H26 -> 0 | I36: =+I15*I26 -> 4.1479881 | ... N36: =+N15*N26 -> 0
B37: =+B16*B27 -> 0 | C37: =+C16*C27 -> 0 | D37: =+D16*D27 -> 0 | E37: =+E16*E27 -> 0 | F37: =+F16*F27 -> 0 | G37: =+G16*G27 -> 0 | H37: =+H16*H27 -> 0 | I37: =+I16*I27 -> 40.505875 | ... N37: =+N16*N27 -> 11.174655
B38: =+B17*B28 -> 0 | C38: =+C17*C28 -> 0 | D38: =+D17*D28 -> 0 | E38: =+E17*E28 -> 0 | F38: =+F17*F28 -> 0 | G38: =+G17*G28 -> 0 | H38: =+H17*H28 -> 0 | I38: =+I17*I28 -> 387.32114 | ... N38: =+N17*N28 -> 106.85315
B39: =+B18*B29 -> 0 | C39: =+C18*C29 -> 0 | D39: =+D18*D29 -> 0 | E39: =+E18*E29 -> 0 | F39: =+F18*F29 -> 0 | G39: =+G18*G29 -> 0 | H39: =+H18*H29 -> 0 | I39: =+I18*I29 -> 157.44354 | ... N39: =+N18*N29 -> 43.435116
B40: =+B19*B30 -> 0 | C40: =+C19*C30 -> 0 | D40: =+D19*D30 -> 0 | E40: =+E19*E30 -> 0 | F40: =+F19*F30 -> 0 | G40: =+G19*G30 -> 0 | H40: =+H19*H30 -> 0 | I40: =+I19*I30 -> 108.42729 | ... N40: =+N19*N30 -> 29.912639
B41: =+B20*B31 -> 0 | C41: =+C20*C31 -> 0 | D41: =+D20*D31 -> 0 | E41: =+E20*E31 -> 0 | F41: =+F20*F31 -> 0 | G41: =+G20*G31 -> 0 | H41: =+H20*H31 -> 0 | I41: =+I20*I31 -> 793.4164 | ... N41: =+N20*N31 -> 218.88565
B42: =+B21*B32 -> 0 | C42: =+C21*C32 -> 0 | D42: =+D21*D32 -> 0 | E42: =+E21*E32 -> 0 | F42: =+F21*F32 -> 0 | G42: =+G21*G32 -> 0 | H42: =+H21*H32 -> 0 | I42: =+I21*I32 -> 87.904333 | ... N42: =+N21*N32 -> 24.250819
B43: =+B22*B33 -> 0 | C43: =+C22*C33 -> 0 | D43: =+D22*D33 -> 0 | E43: =+E22*E33 -> 0 | F43: =+F22*F33 -> 0 | G43: =+G22*G33 -> 0 | H43: =+H22*H33 -> 0 | I43: =+I22*I33 -> 21.831228 | ... N43: =+N22*N33 -> 6.0227425
B44: =+B23*B34 -> 0 | C44: =+C23*C34 -> 0 | D44: =+D23*D34 -> 0 | E44: =+E23*E34 -> 0 | F44: =+F23*F34 -> 0 | G44: =+G23*G34 -> 0 | H44: =+H23*H34 -> 0 | I44: =+I23*I34 -> 0 | ... N44: =+N23*N34 -> 25.186078
A46: PFO a GRA | B46: =+B1-SUM(B36:B44) -> 1034.3527 | C46: =+C1-SUM(C36:C44) -> 1034.3527 | D46: =+D1-SUM(D36:D44) -> 1034.3527 | E46: =+E1-SUM(E36:E44) -> 1034.3527 | F46: =+F1-SUM(F36:F44) -> 1034.3527 | G46: =+G1-SUM(G36:G44) -> 551.83198 | H46: =+H1-SUM(H36:H44) -> 69.311211 | I46: =+I1-SUM(I36:I44) -> 91.29446 | ... N46: =+N1-SUM(N36:N44) -> 1.1443362
A47: Cobertura | B47: =+'Cambio uso de suelo (BAU)'!D46 -> 1.62999 | C47: =+'Cambio uso de suelo (BAU)'!E46 -> 1.62999 | D47: =+'Cambio uso de suelo (BAU)'!F46 -> 1.62999 | E47: =+'Cambio uso de suelo (BAU)'!G46 -> 1.62999 | F47: =+'Cambio uso de suelo (BAU)'!H46 -> 1.62999 | G47: =+'Cambio uso de suelo (BAU)'!I46 -> 0.86976 | H47: =+'Cambio uso de suelo (BAU)'!J46 -> 0.10953 | I47: =+'Cambio uso de suelo (BAU)'!K46 -> 2.2405725 | ... N47: =+'Cambio uso de suelo (BAU)'!P46 -> 0.4311
A48: EAR | B48: =+B46/B47 -> 634.57613 | C48: =+C46/C47 -> 634.57613 | D48: =+D46/D47 -> 634.57613 | E48: =+E46/E47 -> 634.57613 | F48: =+F46/F47 -> 634.57613 | G48: =+G46/G47 -> 634.46466 | H48: =+H46/H47 -> 632.80572 | I48: =+I46/I47 -> 40.746041 | ... N48: =+N46/N47 -> 2.6544564
A50: CROP a GRA | B50: =+INGEI_diffs!C19/1000 -> -0.014666667 | C50: =+INGEI_diffs!D19/1000 -> -0.014666667 | D50: =+INGEI_diffs!E19/1000 -> -0.014666667 | E50: =+INGEI_diffs!F19/1000 -> -0.014666667 | F50: =+INGEI_diffs!G19/1000 -> -0.014666667 | G50: =+INGEI_diffs!H19/1000 -> -0.014666667 | H50: =+INGEI_diffs!I19/1000 -> -0.014666667 | I50: =+INGEI_diffs!J19/1000 -> -0.014666667 | ... N50: =+INGEI_diffs!O19/1000 -> -0.014666667
A51: Cobertura | B51: =+'Cambio uso de suelo (BAU)'!D47 -> 66.52946 | C51: =+'Cambio uso de suelo (BAU)'!E47 -> 66.52946 | D51: =+'Cambio uso de suelo (BAU)'!F47 -> 66.52946 | E51: =+'Cambio uso de suelo (BAU)'!G47 -> 66.52946 | F51: =+'Cambio uso de suelo (BAU)'!H47 -> 66.52946 | G51: =+'Cambio uso de suelo (BAU)'!I47 -> 44.24183 | H51: =+'Cambio uso de suelo (BAU)'!J47 -> 21.9542 | I51: =+'Cambio uso de suelo (BAU)'!K47 -> 12.5998 | ... N51: =+'Cambio uso de suelo (BAU)'!P47 -> 10.86471
A52: EAR | B52: =+B50/B51 -> -0.00022045372 | C52: =+C50/C51 -> -0.00022045372 | D52: =+D50/D51 -> -0.00022045372 | E52: =+E50/E51 -> -0.00022045372 | F52: =+F50/F51 -> -0.00022045372 | G52: =+G50/G51 -> -0.0003315113 | H52: =+H50/H51 -> -0.00066805744 | I52: =+I50/I51 -> -0.0011640396 | ... N52: =+N50/N51 -> -0.0013499363
A54: HUM a GRA | B54: =+INGEI_diffs!C20/1000 -> -0.014666667 | C54: =+INGEI_diffs!D20/1000 -> -0.014666667 | D54: =+INGEI_diffs!E20/1000 -> -0.014666667 | E54: =+INGEI_diffs!F20/1000 -> -0.014666667 | F54: =+INGEI_diffs!G20/1000 -> -0.014666667 | G54: =+INGEI_diffs!H20/1000 -> -0.014666667 | H54: =+INGEI_diffs!I20/1000 -> -0.014666667 | I54: =+INGEI_diffs!J20/1000 -> -0.014666667 | ... N54: =+INGEI_diffs!O20/1000 -> -0.014666667
A55: Cobertura | B55: =+'Cambio uso de suelo (BAU)'!D48 -> 0.01248 | C55: =+'Cambio uso de suelo (BAU)'!E48 -> 0.01248 | D55: =+'Cambio uso de suelo (BAU)'!F48 -> 0.01248 | E55: =+'Cambio uso de suelo (BAU)'!G48 -> 0.01248 | F55: =+'Cambio uso de suelo (BAU)'!H48 -> 0.01248 | G55: =+'Cambio uso de suelo (BAU)'!I48 -> 1.375455 | H55: =+'Cambio uso de suelo (BAU)'!J48 -> 2.73843 | I55: =+'Cambio uso de suelo (BAU)'!K48 -> 1.42128 | ... N55: =+'Cambio uso de suelo (BAU)'!P48 -> 2.13701
A56: EAR | B56: =+B54/B55 -> -1.1752137 | C56: =+C54/C55 -> -1.1752137 | D56: =+D54/D55 -> -1.1752137 | E56: =+E54/E55 -> -1.1752137 | F56: =+F54/F55 -> -1.1752137 | G56: =+G54/G55 -> -0.010663138 | H56: =+H54/H55 -> -0.0053558669 | I56: =+I54/I55 -> -0.010319337 | ... N56: =+N54/N55 -> -0.0068631718
A58: OTI a GRA | B58: =+INGEI_diffs!C22/1000 -> -0.014666667 | C58: =+INGEI_diffs!D22/1000 -> -0.014666667 | D58: =+INGEI_diffs!E22/1000 -> -0.014666667 | E58: =+INGEI_diffs!F22/1000 -> -0.014666667 | F58: =+INGEI_diffs!G22/1000 -> -0.014666667 | G58: =+INGEI_diffs!H22/1000 -> -0.014666667 | H58: =+INGEI_diffs!I22/1000 -> -0.014666667 | I58: =+INGEI_diffs!J22/1000 -> -0.014666667 | ... N58: =+INGEI_diffs!O22/1000 -> -0.014666667
A59: Cobertura | B59: =+'Cambio uso de suelo (BAU)'!D49 -> 3.68721 | C59: =+'Cambio uso de suelo (BAU)'!E49 -> 3.68721 | D59: =+'Cambio uso de suelo (BAU)'!F49 -> 3.68721 | E59: =+'Cambio uso de suelo (BAU)'!G49 -> 3.68721 | F59: =+'Cambio uso de suelo (BAU)'!H49 -> 3.68721 | G59: =+'Cambio uso de suelo (BAU)'!I49 -> 4.063345 | H59: =+'Cambio uso de suelo (BAU)'!J49 -> 4.43948 | I59: =+'Cambio uso de suelo (BAU)'!K49 -> 2.40521 | ... N59: =+'Cambio uso de suelo (BAU)'!P49 -> 2.59052
A60: EAR | B60: =+B58/B59 -> -0.003977714 | C60: =+C58/C59 -> -0.003977714 | D60: =+D58/D59 -> -0.003977714 | E60: =+E58/E59 -> -0.003977714 | F60: =+F58/F59 -> -0.003977714 | G60: =+G58/G59 -> -0.0036095056 | H60: =+H58/H59 -> -0.0033036902 | I60: =+I58/I59 -> -0.0060978736 | ... N60: =+N58/N59 -> -0.005661669
B63: =+B1+B50+B54+B58 -> 1034.3087 | C63: =+C1+C50+C54+C58 -> 1034.3087 | D63: =+D1+D50+D54+D58 -> 1034.3087 | E63: =+E1+E50+E54+E58 -> 1034.3087 | F63: =+F1+F50+F54+F58 -> 1034.3087 | G63: =+G1+G50+G54+G58 -> 551.78798 | H63: =+H1+H50+H54+H58 -> 69.267211 | I63: =+I1+I50+I54+I58 -> 1692.2483 | ... N63: =+N1+N50+N54+N58 -> 466.82119
B64: =+INGEI_diffs!C23 -> 1034.3087 | C64: =+INGEI_diffs!D23 -> 1034.3087 | D64: =+INGEI_diffs!E23 -> 1034.3087 | E64: =+INGEI_diffs!F23 -> 1034.3087 | F64: =+INGEI_diffs!G23 -> 1034.3087 | G64: =+INGEI_diffs!H23 -> 551.78798 | H64: =+INGEI_diffs!I23 -> 69.267211 | I64: =+INGEI_diffs!J23 -> 1692.2483 | ... N64: =+INGEI_diffs!O23 -> 466.82119
B65: =+INGEI_diffs!B53 -> 1034.3 | C65: =+INGEI_diffs!C53 -> 1034.3 | D65: =+INGEI_diffs!D53 -> 1034.3 | E65: =+INGEI_diffs!E53 -> 1034.3 | F65: =+INGEI_diffs!F53 -> 1034.3 | G65: =+INGEI_diffs!G53 -> 551.8 | H65: =+INGEI_diffs!H53 -> 69.2 | I65: =+INGEI_diffs!I53 -> 1691.4 | ... N65: =+INGEI_diffs!N53 -> 442.1
B68: 1034.36 | C68: 1034.36 | D68: 1034.36 | E68: 1034.36 | F68: 1034.36 | G68: 551.857 | H68: 69.2922 | I68: 0 | J68: 0 | K68: 0 | L68: 0 | M68: 0 | N68: 0
B69: -0.0133059 | C69: -0.0133059 | D69: -0.0133059 | E69: -0.0133059 | F69: -0.0133059 | G69: -0.0132725 | H69: -0.0153679 | I69: -0.0228037 | J69: -0.0722336 | K69: -0.0146043 | L69: -0.0146043 | M69: -0.0141241 | N69: -0.0141241
B70: -0.01469 | C70: -0.01469 | D70: -0.01469 | E70: -0.01469 | F70: -0.01469 | G70: -0.0147179 | H70: -0.0147874 | I70: -0.0177407 | J70: -0.099447 | K70: -0.0146573 | L70: -0.0146573 | M70: -0.0147453 | N70: -0.0147453
B71: -0.0147488 | C71: -0.0147488 | D71: -0.0147488 | E71: -0.0147488 | F71: -0.0147488 | G71: -0.0146279 | H71: -0.0146503 | I71: -0.0235954 | J71: -0.13022 | K71: -0.0146506 | L71: -0.0146506 | M71: -0.0147659 | N71: -0.0147659
B72: 0 | C72: 0 | D72: 0 | E72: 0 | F72: 0 | G72: 0 | H72: 0 | I72: 4.15376 | J72: 8.13739 | K72: 3.87645 | L72: 3.87645 | M72: 1.41276 | N72: 1.41276
B73: 0 | C73: 0 | D73: 0 | E73: 0 | F73: 0 | G73: 0 | H73: 0 | I73: 40.4929 | J73: 79.3272 | K73: 37.8499 | L73: 37.8499 | M73: 11.1774 | N73: 11.1774
B74: 0 | C74: 0 | D74: 0 | E74: 0 | F74: 0 | G74: 0 | H74: 0 | I74: 387.549 | J74: 759.224 | K74: 360.963 | L74: 360.963 | M74: 106.705 | N74: 106.705
B75: 0 | C75: 0 | D75: 0 | E75: 0 | F75: 0 | G75: 0 | H75: 0 | I75: 157.247 | J75: 308.054 | K75: 146.828 | L75: 146.828 | M75: 43.5908 | N75: 43.5908
B76: 0 | C76: 0 | D76: 0 | E76: 0 | F76: 0 | G76: 0 | H76: 0 | I76: 108.311 | J76: 212.186 | K76: 101.054 | L76: 101.054 | M76: 29.5726 | N76: 29.5726
B77: 0 | C77: 0 | D77: 0 | E77: 0 | F77: 0 | G77: 0 | H77: 0 | I77: 800.543 | J77: 1568.3 | K77: 739.936 | L77: 739.936 | M77: 221.6 | N77: 221.6
B78: 0 | C78: 0 | D78: 0 | E78: 0 | F78: 0 | G78: 0 | H78: 0 | I78: 87.5977 | J78: 171.608 | K78: 81.9276 | L78: 81.9276 | M78: 23.9947 | N78: 23.9947
B79: 0 | C79: 0 | D79: 0 | E79: 0 | F79: 0 | G79: 0 | H79: 0 | I79: 22.4486 | J79: 43.9777 | K79: 20.4125 | L79: 20.4125 | M79: 6.03301 | N79: 6.03301
B80: 0 | C80: 0 | D80: 0 | E80: 0 | F80: 0 | G80: 0 | H80: 0 | I80: 104.039 | J80: 203.817 | K80: 86.7862 | L80: 86.7862 | M80: 0 | N80: 0
B83: =+B46-B68 -> -0.0072520367 | C83: =+C46-C68 -> -0.0072520367 | D83: =+D46-D68 -> -0.0072520367 | E83: =+E46-E68 -> -0.0072520367 | F83: =+F46-F68 -> -0.0072520367 | G83: =+G46-G68 -> -0.025020547 | H83: =+H46-H68 -> 0.019010943 | I83: =+I46-I68 -> 91.29446 | ... N83: =+N46-N68 -> 1.1443362
H85: B. Seco Andino | I85: =+I36-I72 -> -0.0057718831 | J85: =+J36-J72 -> -0.011302907 | K85: =+K36-K72 -> -0.0096947209 | L85: =+L36-L72 -> -0.0096947209 | M85: =+M36-M72 -> -1.41276 | N85: =+N36-N72 -> -1.41276
H86: B. Seco Pluvioestacional | I86: =+I37-I73 -> 0.012974954 | J86: =+J37-J73 -> 0.025550866 | K86: =+K37-K73 -> -0.090315981 | L86: =+L37-L73 -> -0.090315981 | M86: =+M37-M73 -> -0.0027445704 | N86: =+N37-N73 -> -0.0027445704
H87: B. Siempre verde andino Montano | I87: =+I38-I74 -> -0.2278618 | J87: =+J38-J74 -> -0.4452347 | K87: =+K38-K74 -> 0.097835669 | L87: =+L38-L74 -> 0.097835669 | M87: =+M38-M74 -> 0.14814821 | N87: =+N38-N74 -> 0.14814821
H88: B. Siempre verde andino Pie montano | I88: =+I39-I75 -> 0.19654493 | J88: =+J39-J75 -> 0.38467491 | K88: =+K39-K75 -> -0.059098698 | L88: =+L39-L75 -> -0.059098698 | M88: =+M39-M75 -> -0.15568432 | N88: =+N39-N75 -> -0.15568432
H89: B. Siempre verde andino de Ceja Andina | I89: =+I40-I76 -> 0.11629252 | J89: =+J40-J76 -> 0.22772864 | K89: =+K40-K76 -> 0.021941866 | L89: =+L40-L76 -> 0.021941866 | M89: =+M40-M76 -> 0.34003945 | N89: =+N40-N76 -> 0.34003945
H90: B. Siempre verde de tierras bajas de la Amazonía | I90: =+I41-I77 -> -7.1265956 | J90: =+J41-J77 -> -13.963145 | K90: =+K41-K77 -> -0.31308311 | L90: =+L41-L77 -> -0.31308311 | M90: =+M41-M77 -> -2.714346 | N90: =+N41-N77 -> -2.714346
H91: B. Siempre verde de tierras bajas del Chocó | I91: =+I42-I78 -> 0.30663299 | J91: =+J42-J78 -> 0.60036839 | K91: =+K42-K78 -> 0.016835246 | L91: =+L42-L78 -> 0.016835246 | M91: =+M42-M78 -> 0.25611875 | N91: =+N42-N78 -> 0.25611875
H92: Manglar | I92: =+I43-I79 -> -0.61737178 | J92: =+J43-J79 -> -1.2093851 | K92: =+K43-K79 -> -0.061425067 | L92: =+L43-L79 -> -0.061425067 | M92: =+M43-M79 -> -0.010267539 | N92: =+N43-N79 -> -0.010267539
H93: Moretal | I93: =+I44-I80 -> -104.039 | J93: =+J44-J80 -> -203.817 | K93: =+K44-K80 -> -1.6814882 | L93: =+L44-L80 -> -1.6814882 | M93: =+M44-M80 -> 25.186078 | N93: =+N44-N80 -> 25.186078

Sheet Emisiones Tierras forestales
A1: CROP a FOR | B1: =INGEI_diffs!C4/1000 -> -260.98834 | C1: =INGEI_diffs!D4/1000 -> -260.98834 | D1: =INGEI_diffs!E4/1000 -> -260.98834 | E1: =INGEI_diffs!F4/1000 -> -260.98834 | F1: =INGEI_diffs!G4/1000 -> -260.98834 | G1: =INGEI_diffs!H4/1000 -> -184.46662 | H1: =INGEI_diffs!I4/1000 -> -107.94491 | I1: =INGEI_diffs!J4/1000 -> -142.6957 | ... N1: =INGEI_diffs!O4/1000 -> -47.77442
A2: Emisiones(miles de tonCO2e) | B2: 2010 | C2: 2011 | D2: 2012 | E2: 2013 | F2: 2014 | G2: 2015 | H2: 2016 | I2: 2017 | J2: 2018 | K2: 2019 | L2: 2020 | M2: 2021 | N2: 2022
A3: B. Seco Andino | B3: =+'5ta'!$R87*'Emisiones Tierras forestales'!B$1 -> -0.63971014 | C3: =+'5ta'!$R87*'Emisiones Tierras forestales'!C$1 -> -0.63971014 | D3: =+'5ta'!$R87*'Emisiones Tierras forestales'!D$1 -> -0.63971014 | E3: =+'5ta'!$R87*'Emisiones Tierras forestales'!E$1 -> -0.63971014 | F3: =+'5ta'!$R87*'Emisiones Tierras forestales'!F$1 -> -0.63971014 | G3: =+'5ta'!$R87*'Emisiones Tierras forestales'!G$1 -> -0.45214729 | H3: =+'5ta'!$R87*'Emisiones Tierras forestales'!H$1 -> -0.26458444 | I3: =+'5ta'!$R87*'Emisiones Tierras forestales'!I$1 -> -0.34976232 | ... N3: =+'5ta'!$R87*'Emisiones Tierras forestales'!N$1 -> -0.11710018
A4: B. Seco Pluvioestacional | B4: =+'5ta'!$R88*'Emisiones Tierras forestales'!B$1 -> -6.2468884 | C4: =+'5ta'!$R88*'Emisiones Tierras forestales'!C$1 -> -6.2468884 | D4: =+'5ta'!$R88*'Emisiones Tierras forestales'!D$1 -> -6.2468884 | E4: =+'5ta'!$R88*'Emisiones Tierras forestales'!E$1 -> -6.2468884 | F4: =+'5ta'!$R88*'Emisiones Tierras forestales'!F$1 -> -6.2468884 | G4: =+'5ta'!$R88*'Emisiones Tierras forestales'!G$1 -> -4.4153023 | H4: =+'5ta'!$R88*'Emisiones Tierras forestales'!H$1 -> -2.5837162 | I4: =+'5ta'!$R88*'Emisiones Tierras forestales'!I$1 -> -3.415494 | ... N4: =+'5ta'!$R88*'Emisiones Tierras forestales'!N$1 -> -1.143505
A5: B. Siempre verde andino Montano | B5: =+'5ta'!$R89*'Emisiones Tierras forestales'!B$1 -> -59.733358 | C5: =+'5ta'!$R89*'Emisiones Tierras forestales'!C$1 -> -59.733358 | D5: =+'5ta'!$R89*'Emisiones Tierras forestales'!D$1 -> -59.733358 | E5: =+'5ta'!$R89*'Emisiones Tierras forestales'!E$1 -> -59.733358 | F5: =+'5ta'!$R89*'Emisiones Tierras forestales'!F$1 -> -59.733358 | G5: =+'5ta'!$R89*'Emisiones Tierras forestales'!G$1 -> -42.219553 | H5: =+'5ta'!$R89*'Emisiones Tierras forestales'!H$1 -> -24.705747 | I5: =+'5ta'!$R89*'Emisiones Tierras forestales'!I$1 -> -32.659288 | ... N5: =+'5ta'!$R89*'Emisiones Tierras forestales'!N$1 -> -10.934307
A6: B. Siempre verde andino Pie montano | B6: =+'5ta'!$R90*'Emisiones Tierras forestales'!B$1 -> -24.281225 | C6: =+'5ta'!$R90*'Emisiones Tierras forestales'!C$1 -> -24.281225 | D6: =+'5ta'!$R90*'Emisiones Tierras forestales'!D$1 -> -24.281225 | E6: =+'5ta'!$R90*'Emisiones Tierras forestales'!E$1 -> -24.281225 | F6: =+'5ta'!$R90*'Emisiones Tierras forestales'!F$1 -> -24.281225 | G6: =+'5ta'!$R90*'Emisiones Tierras forestales'!G$1 -> -17.161976 | H6: =+'5ta'!$R90*'Emisiones Tierras forestales'!H$1 -> -10.042727 | I6: =+'5ta'!$R90*'Emisiones Tierras forestales'!I$1 -> -13.27579 | ... N6: =+'5ta'!$R90*'Emisiones Tierras forestales'!N$1 -> -4.4447251
A7: B. Siempre verde andino de Ceja Andina | B7: =+'5ta'!$R91*'Emisiones Tierras forestales'!B$1 -> -16.721851 | C7: =+'5ta'!$R91*'Emisiones Tierras forestales'!C$1 -> -16.721851 | D7: =+'5ta'!$R91*'Emisiones Tierras forestales'!D$1 -> -16.721851 | E7: =+'5ta'!$R91*'Emisiones Tierras forestales'!E$1 -> -16.721851 | F7: =+'5ta'!$R91*'Emisiones Tierras forestales'!F$1 -> -16.721851 | G7: =+'5ta'!$R91*'Emisiones Tierras forestales'!G$1 -> -11.819008 | H7: =+'5ta'!$R91*'Emisiones Tierras forestales'!H$1 -> -6.916166 | I7: =+'5ta'!$R91*'Emisiones Tierras forestales'!I$1 -> -9.1426928 | ... N7: =+'5ta'!$R91*'Emisiones Tierras forestales'!N$1 -> -3.0609671
A8: B. Siempre verde de tierras bajas de la Amazonía | B8: =+'5ta'!$R92*'Emisiones Tierras forestales'!B$1 -> -122.3621 | C8: =+'5ta'!$R92*'Emisiones Tierras forestales'!C$1 -> -122.3621 | D8: =+'5ta'!$R92*'Emisiones Tierras forestales'!D$1 -> -122.3621 | E8: =+'5ta'!$R92*'Emisiones Tierras forestales'!E$1 -> -122.3621 | F8: =+'5ta'!$R92*'Emisiones Tierras forestales'!F$1 -> -122.3621 | G8: =+'5ta'!$R92*'Emisiones Tierras forestales'!G$1 -> -86.48556 | H8: =+'5ta'!$R92*'Emisiones Tierras forestales'!H$1 -> -50.609025 | I8: =+'5ta'!$R92*'Emisiones Tierras forestales'!I$1 -> -66.901628 | ... N8: =+'5ta'!$R92*'Emisiones Tierras forestales'!N$1 -> -22.398618
A9: B. Siempre verde de tierras bajas del Chocó | B9: =+'5ta'!$R93*'Emisiones Tierras forestales'!B$1 -> -13.556763 | C9: =+'5ta'!$R93*'Emisiones Tierras forestales'!C$1 -> -13.556763 | D9: =+'5ta'!$R93*'Emisiones Tierras forestales'!D$1 -> -13.556763 | E9: =+'5ta'!$R93*'Emisiones Tierras forestales'!E$1 -> -13.556763 | F9: =+'5ta'!$R93*'Emisiones Tierras forestales'!F$1 -> -13.556763 | G9: =+'5ta'!$R93*'Emisiones Tierras forestales'!G$1 -> -9.5819238 | H9: =+'5ta'!$R93*'Emisiones Tierras forestales'!H$1 -> -5.6070842 | I9: =+'5ta'!$R93*'Emisiones Tierras forestales'!I$1 -> -7.4121772 | ... N9: =+'5ta'!$R93*'Emisiones Tierras forestales'!N$1 -> -2.4815917
A10: Manglar | B10: =+'5ta'!$R94*'Emisiones Tierras forestales'!B$1 -> -3.366851 | C10: =+'5ta'!$R94*'Emisiones Tierras forestales'!C$1 -> -3.366851 | D10: =+'5ta'!$R94*'Emisiones Tierras forestales'!D$1 -> -3.366851 | E10: =+'5ta'!$R94*'Emisiones Tierras forestales'!E$1 -> -3.366851 | F10: =+'5ta'!$R94*'Emisiones Tierras forestales'!F$1 -> -3.366851 | G10: =+'5ta'!$R94*'Emisiones Tierras forestales'!G$1 -> -2.3796912 | H10: =+'5ta'!$R94*'Emisiones Tierras forestales'!H$1 -> -1.3925313 | I10: =+'5ta'!$R94*'Emisiones Tierras forestales'!I$1 -> -1.84083 | ... N10: =+'5ta'!$R94*'Emisiones Tierras forestales'!N$1 -> -0.61630859
A11: Moretal | B11: =+'5ta'!$R95*'Emisiones Tierras forestales'!B$1 -> -14.079595 | C11: =+'5ta'!$R95*'Emisiones Tierras forestales'!C$1 -> -14.079595 | D11: =+'5ta'!$R95*'Emisiones Tierras forestales'!D$1 -> -14.079595 | E11: =+'5ta'!$R95*'Emisiones Tierras forestales'!E$1 -> -14.079595 | F11: =+'5ta'!$R95*'Emisiones Tierras forestales'!F$1 -> -14.079595 | G11: =+'5ta'!$R95*'Emisiones Tierras forestales'!G$1 -> -9.9514611 | H11: =+'5ta'!$R95*'Emisiones Tierras forestales'!H$1 -> -5.8233275 | I11: =+'5ta'!$R95*'Emisiones Tierras forestales'!I$1 -> -7.6980359 | ... N11: =+'5ta'!$R95*'Emisiones Tierras forestales'!N$1 -> -2.577297
A12: Total | B12: =+SUM(B3:B11) -> -260.98834 | C12: =+SUM(C3:C11) -> -260.98834 | D12: =+SUM(D3:D11) -> -260.98834 | E12: =+SUM(E3:E11) -> -260.98834 | F12: =+SUM(F3:F11) -> -260.98834 | G12: =+SUM(G3:G11) -> -184.46662 | H12: =+SUM(H3:H11) -> -107.94491 | I12: =+SUM(I3:I11) -> -142.6957 | ... N12: =+SUM(N3:N11) -> -47.77442
A14: Cobertura
B15: 2010 | C15: 2011 | D15: 2012 | E15: 2013 | F15: 2014 | G15: 2015 | H15: 2016 | I15: 2017 | J15: 2018 | K15: 2019 | L15: 2020 | M15: 2021 | N15: 2022
A16: B. Seco Andino | B16: =+'Cambio uso de suelo (BAU)'!D96 -> 0.031008945 | C16: =+'Cambio uso de suelo (BAU)'!E96 -> 0.031008945 | D16: =+'Cambio uso de suelo (BAU)'!F96 -> 0.031008945 | E16: =+'Cambio uso de suelo (BAU)'!G96 -> 0.031008945 | F16: =+'Cambio uso de suelo (BAU)'!H96 -> 0.031008945 | G16: =+'Cambio uso de suelo (BAU)'!I96 -> 0.02191713 | H16: =+'Cambio uso de suelo (BAU)'!J96 -> 0.012825315 | I16: =+'Cambio uso de suelo (BAU)'!K96 -> 0.016954179 | ... N16: =+'Cambio uso de suelo (BAU)'!P96 -> 0.0056762473
A17: B. Seco Pluvioestacional | B17: =+'Cambio uso de suelo (BAU)'!D97 -> 0.30280811 | C17: =+'Cambio uso de suelo (BAU)'!E97 -> 0.30280811 | D17: =+'Cambio uso de suelo (BAU)'!F97 -> 0.30280811 | E17: =+'Cambio uso de suelo (BAU)'!G97 -> 0.30280811 | F17: =+'Cambio uso de suelo (BAU)'!H97 -> 0.30280811 | G17: =+'Cambio uso de suelo (BAU)'!I97 -> 0.21402485 | H17: =+'Cambio uso de suelo (BAU)'!J97 -> 0.12524159 | I17: =+'Cambio uso de suelo (BAU)'!K97 -> 0.16556071 | ... N17: =+'Cambio uso de suelo (BAU)'!P97 -> 0.05542961
A18: B. Siempre verde andino Montano | B18: =+'Cambio uso de suelo (BAU)'!D98 -> 2.8954808 | C18: =+'Cambio uso de suelo (BAU)'!E98 -> 2.8954808 | D18: =+'Cambio uso de suelo (BAU)'!F98 -> 2.8954808 | E18: =+'Cambio uso de suelo (BAU)'!G98 -> 2.8954808 | F18: =+'Cambio uso de suelo (BAU)'!H98 -> 2.8954808 | G18: =+'Cambio uso de suelo (BAU)'!I98 -> 2.0465265 | H18: =+'Cambio uso de suelo (BAU)'!J98 -> 1.1975723 | I18: =+'Cambio uso de suelo (BAU)'!K98 -> 1.5831077 | ... N18: =+'Cambio uso de suelo (BAU)'!P98 -> 0.53002335
A19: B. Siempre verde andino Pie montano | B19: =+'Cambio uso de suelo (BAU)'!D99 -> 1.1769943 | C19: =+'Cambio uso de suelo (BAU)'!E99 -> 1.1769943 | D19: =+'Cambio uso de suelo (BAU)'!F99 -> 1.1769943 | E19: =+'Cambio uso de suelo (BAU)'!G99 -> 1.1769943 | F19: =+'Cambio uso de suelo (BAU)'!H99 -> 1.1769943 | G19: =+'Cambio uso de suelo (BAU)'!I99 -> 0.83189984 | H19: =+'Cambio uso de suelo (BAU)'!J99 -> 0.48680542 | I19: =+'Cambio uso de suelo (BAU)'!K99 -> 0.64352308 | ... N19: =+'Cambio uso de suelo (BAU)'!P99 -> 0.21545107
A20: B. Siempre verde andino de Ceja Andina | B20: =+'Cambio uso de suelo (BAU)'!D100 -> 0.81056547 | C20: =+'Cambio uso de suelo (BAU)'!E100 -> 0.81056547 | D20: =+'Cambio uso de suelo (BAU)'!F100 -> 0.81056547 | E20: =+'Cambio uso de suelo (BAU)'!G100 -> 0.81056547 | F20: =+'Cambio uso de suelo (BAU)'!H100 -> 0.81056547 | G20: =+'Cambio uso de suelo (BAU)'!I100 -> 0.57290788 | H20: =+'Cambio uso de suelo (BAU)'!J100 -> 0.33525029 | I20: =+'Cambio uso de suelo (BAU)'!K100 -> 0.44317768 | ... N20: =+'Cambio uso de suelo (BAU)'!P100 -> 0.14837558
A21: B. Siempre verde de tierras bajas de la Amazonía | B21: =+'Cambio uso de suelo (BAU)'!D101 -> 5.9313105 | C21: =+'Cambio uso de suelo (BAU)'!E101 -> 5.9313105 | D21: =+'Cambio uso de suelo (BAU)'!F101 -> 5.9313105 | E21: =+'Cambio uso de suelo (BAU)'!G101 -> 5.9313105 | F21: =+'Cambio uso de suelo (BAU)'!H101 -> 5.9313105 | G21: =+'Cambio uso de suelo (BAU)'!I101 -> 4.1922518 | H21: =+'Cambio uso de suelo (BAU)'!J101 -> 2.453193 | I21: =+'Cambio uso de suelo (BAU)'!K101 -> 3.2429514 | ... N21: =+'Cambio uso de suelo (BAU)'!P101 -> 1.0857379
A22: B. Siempre verde de tierras bajas del Chocó | B22: =+'Cambio uso de suelo (BAU)'!D102 -> 0.65714282 | C22: =+'Cambio uso de suelo (BAU)'!E102 -> 0.65714282 | D22: =+'Cambio uso de suelo (BAU)'!F102 -> 0.65714282 | E22: =+'Cambio uso de suelo (BAU)'!G102 -> 0.65714282 | F22: =+'Cambio uso de suelo (BAU)'!H102 -> 0.65714282 | G22: =+'Cambio uso de suelo (BAU)'!I102 -> 0.46446871 | H22: =+'Cambio uso de suelo (BAU)'!J102 -> 0.2717946 | I22: =+'Cambio uso de suelo (BAU)'!K102 -> 0.35929366 | ... N22: =+'Cambio uso de suelo (BAU)'!P102 -> 0.12029126
A23: Manglar | B23: =+'Cambio uso de suelo (BAU)'!D103 -> 0.16320282 | C23: =+'Cambio uso de suelo (BAU)'!E103 -> 0.16320282 | D23: =+'Cambio uso de suelo (BAU)'!F103 -> 0.16320282 | E23: =+'Cambio uso de suelo (BAU)'!G103 -> 0.16320282 | F23: =+'Cambio uso de suelo (BAU)'!H103 -> 0.16320282 | G23: =+'Cambio uso de suelo (BAU)'!I103 -> 0.11535179 | H23: =+'Cambio uso de suelo (BAU)'!J103 -> 0.067500769 | I23: =+'Cambio uso de suelo (BAU)'!K103 -> 0.089231345 | ... N23: =+'Cambio uso de suelo (BAU)'!P103 -> 0.029874591
A24: Moretal | B24: =+'Cambio uso de suelo (BAU)'!D104 -> 0.68248625 | C24: =+'Cambio uso de suelo (BAU)'!E104 -> 0.68248625 | D24: =+'Cambio uso de suelo (BAU)'!F104 -> 0.68248625 | E24: =+'Cambio uso de suelo (BAU)'!G104 -> 0.68248625 | F24: =+'Cambio uso de suelo (BAU)'!H104 -> 0.68248625 | G24: =+'Cambio uso de suelo (BAU)'!I104 -> 0.48238146 | H24: =+'Cambio uso de suelo (BAU)'!J104 -> 0.28227666 | I24: =+'Cambio uso de suelo (BAU)'!K104 -> 0.37315021 | ... N24: =+'Cambio uso de suelo (BAU)'!P104 -> 0.12493043
A26: EAR | B26: 2010 | C26: 2011 | D26: 2012 | E26: 2013 | F26: 2014 | G26: 2015 | H26: 2016 | I26: 2017 | J26: 2018 | K26: 2019 | L26: 2020 | M26: 2021 | N26: 2022
A27: SUPCAMCROAND | B27: =+B3/B16 -> -20.629858 | C27: =+C3/C16 -> -20.629858 | D27: =+D3/D16 -> -20.629858 | E27: =+E3/E16 -> -20.629858 | F27: =+F3/F16 -> -20.629858 | G27: =+G3/G16 -> -20.629858 | H27: =+H3/H16 -> -20.629858 | I27: =+I3/I16 -> -20.629858 | ... N27: =+N3/N16 -> -20.629858
A28: SUPCAMCROPLU | B28: =+B4/B17 -> -20.629858 | C28: =+C4/C17 -> -20.629858 | D28: =+D4/D17 -> -20.629858 | E28: =+E4/E17 -> -20.629858 | F28: =+F4/F17 -> -20.629858 | G28: =+G4/G17 -> -20.629858 | H28: =+H4/H17 -> -20.629858 | I28: =+I4/I17 -> -20.629858 | ... N28: =+N4/N17 -> -20.629858
A29: SUPCAMCROMON | B29: =+B5/B18 -> -20.629858 | C29: =+C5/C18 -> -20.629858 | D29: =+D5/D18 -> -20.629858 | E29: =+E5/E18 -> -20.629858 | F29: =+F5/F18 -> -20.629858 | G29: =+G5/G18 -> -20.629858 | H29: =+H5/H18 -> -20.629858 | I29: =+I5/I18 -> -20.629858 | ... N29: =+N5/N18 -> -20.629858
A30: SUPCAMCROPIE | B30: =+B6/B19 -> -20.629858 | C30: =+C6/C19 -> -20.629858 | D30: =+D6/D19 -> -20.629858 | E30: =+E6/E19 -> -20.629858 | F30: =+F6/F19 -> -20.629858 | G30: =+G6/G19 -> -20.629858 | H30: =+H6/H19 -> -20.629858 | I30: =+I6/I19 -> -20.629858 | ... N30: =+N6/N19 -> -20.629858
A31: SUPCAMCROCEJ | B31: =+B7/B20 -> -20.629858 | C31: =+C7/C20 -> -20.629858 | D31: =+D7/D20 -> -20.629858 | E31: =+E7/E20 -> -20.629858 | F31: =+F7/F20 -> -20.629858 | G31: =+G7/G20 -> -20.629858 | H31: =+H7/H20 -> -20.629858 | I31: =+I7/I20 -> -20.629858 | ... N31: =+N7/N20 -> -20.629858
A32: SUPCAMCROAMA | B32: =+B8/B21 -> -20.629858 | C32: =+C8/C21 -> -20.629858 | D32: =+D8/D21 -> -20.629858 | E32: =+E8/E21 -> -20.629858 | F32: =+F8/F21 -> -20.629858 | G32: =+G8/G21 -> -20.629858 | H32: =+H8/H21 -> -20.629858 | I32: =+I8/I21 -> -20.629858 | ... N32: =+N8/N21 -> -20.629858
A33: SUPCAMCROCHO | B33: =+B9/B22 -> -20.629858 | C33: =+C9/C22 -> -20.629858 | D33: =+D9/D22 -> -20.629858 | E33: =+E9/E22 -> -20.629858 | F33: =+F9/F22 -> -20.629858 | G33: =+G9/G22 -> -20.629858 | H33: =+H9/H22 -> -20.629858 | I33: =+I9/I22 -> -20.629858 | ... N33: =+N9/N22 -> -20.629858
A34: SUPCAMCROMAN | B34: =+B10/B23 -> -20.629858 | C34: =+C10/C23 -> -20.629858 | D34: =+D10/D23 -> -20.629858 | E34: =+E10/E23 -> -20.629858 | F34: =+F10/F23 -> -20.629858 | G34: =+G10/G23 -> -20.629858 | H34: =+H10/H23 -> -20.629858 | I34: =+I10/I23 -> -20.629858 | ... N34: =+N10/N23 -> -20.629858
A35: SUPCAMCROMOR | B35: =+B11/B24 -> -20.629858 | C35: =+C11/C24 -> -20.629858 | D35: =+D11/D24 -> -20.629858 | E35: =+E11/E24 -> -20.629858 | F35: =+F11/F24 -> -20.629858 | G35: =+G11/G24 -> -20.629858 | H35: =+H11/H24 -> -20.629858 | I35: =+I11/I24 -> -20.629858 | ... N35: =+N11/N24 -> -20.629858
A38: HUM a FOR | B38: =+INGEI_diffs!C6/1000 -> -0.76330476 | C38: =+INGEI_diffs!D6/1000 -> -0.76330476 | D38: =+INGEI_diffs!E6/1000 -> -0.76330476 | E38: =+INGEI_diffs!F6/1000 -> -0.76330476 | F38: =+INGEI_diffs!G6/1000 -> -0.76330476 | G38: =+INGEI_diffs!H6/1000 -> -0.80724636 | H38: =+INGEI_diffs!I6/1000 -> -0.85118795 | I38: =+INGEI_diffs!J6/1000 -> -0.61033436 | ... N38: =+INGEI_diffs!O6/1000 -> -0.25065278
A39: Emisiones(miles de tonCO2e) | B39: 2010 | C39: 2011 | D39: 2012 | E39: 2013 | F39: 2014 | G39: 2015 | H39: 2016 | I39: 2017 | J39: 2018 | K39: 2019 | L39: 2020 | M39: 2021 | N39: 2022
A40: B. Seco Andino | B40: =+'5ta'!$R87*'Emisiones Tierras forestales'!B$38 -> -0.0018709411 | C40: =+'5ta'!$R87*'Emisiones Tierras forestales'!C$38 -> -0.0018709411 | D40: =+'5ta'!$R87*'Emisiones Tierras forestales'!D$38 -> -0.0018709411 | E40: =+'5ta'!$R87*'Emisiones Tierras forestales'!E$38 -> -0.0018709411 | F40: =+'5ta'!$R87*'Emisiones Tierras forestales'!F$38 -> -0.0018709411 | G40: =+'5ta'!$R87*'Emisiones Tierras forestales'!G$38 -> -0.0019786466 | H40: =+'5ta'!$R87*'Emisiones Tierras forestales'!H$38 -> -0.0020863521 | I40: =+'5ta'!$R87*'Emisiones Tierras forestales'!I$38 -> -0.0014959944 | ... N40: =+'5ta'!$R87*'Emisiones Tierras forestales'!N$38 -> -0.00061437659
A41: B. Seco Pluvioestacional | B41: =+'5ta'!$R88*'Emisiones Tierras forestales'!B$38 -> -0.018270087 | C41: =+'5ta'!$R88*'Emisiones Tierras forestales'!C$38 -> -0.018270087 | D41: =+'5ta'!$R88*'Emisiones Tierras forestales'!D$38 -> -0.018270087 | E41: =+'5ta'!$R88*'Emisiones Tierras forestales'!E$38 -> -0.018270087 | F41: =+'5ta'!$R88*'Emisiones Tierras forestales'!F$38 -> -0.018270087 | G41: =+'5ta'!$R88*'Emisiones Tierras forestales'!G$38 -> -0.019321852 | H41: =+'5ta'!$R88*'Emisiones Tierras forestales'!H$38 -> -0.020373616 | I41: =+'5ta'!$R88*'Emisiones Tierras forestales'!I$38 -> -0.014608663 | ... N41: =+'5ta'!$R88*'Emisiones Tierras forestales'!N$38 -> -0.0059995016
A42: B. Siempre verde andino Montano | B42: =+'5ta'!$R89*'Emisiones Tierras forestales'!B$38 -> -0.17470036 | C42: =+'5ta'!$R89*'Emisiones Tierras forestales'!C$38 -> -0.17470036 | D42: =+'5ta'!$R89*'Emisiones Tierras forestales'!D$38 -> -0.17470036 | E42: =+'5ta'!$R89*'Emisiones Tierras forestales'!E$38 -> -0.17470036 | F42: =+'5ta'!$R89*'Emisiones Tierras forestales'!F$38 -> -0.17470036 | G42: =+'5ta'!$R89*'Emisiones Tierras forestales'!G$38 -> -0.18475743 | H42: =+'5ta'!$R89*'Emisiones Tierras forestales'!H$38 -> -0.19481451 | I42: =+'5ta'!$R89*'Emisiones Tierras forestales'!I$38 -> -0.13968946 | ... N42: =+'5ta'!$R89*'Emisiones Tierras forestales'!N$38 -> -0.057367821
A43: B. Siempre verde andino Pie montano | B43: =+'5ta'!$R90*'Emisiones Tierras forestales'!B$38 -> -0.07101457 | C43: =+'5ta'!$R90*'Emisiones Tierras forestales'!C$38 -> -0.07101457 | D43: =+'5ta'!$R90*'Emisiones Tierras forestales'!D$38 -> -0.07101457 | E43: =+'5ta'!$R90*'Emisiones Tierras forestales'!E$38 -> -0.07101457 | F43: =+'5ta'!$R90*'Emisiones Tierras forestales'!F$38 -> -0.07101457 | G43: =+'5ta'!$R90*'Emisiones Tierras forestales'!G$38 -> -0.075102706 | H43: =+'5ta'!$R90*'Emisiones Tierras forestales'!H$38 -> -0.079190842 | I43: =+'5ta'!$R90*'Emisiones Tierras forestales'!I$38 -> -0.056782866 | ... N43: =+'5ta'!$R90*'Emisiones Tierras forestales'!N$38 -> -0.023319649
A44: B. Siempre verde andino de Ceja Andina | B44: =+'5ta'!$R91*'Emisiones Tierras forestales'!B$38 -> -0.048905895 | C44: =+'5ta'!$R91*'Emisiones Tierras forestales'!C$38 -> -0.048905895 | D44: =+'5ta'!$R91*'Emisiones Tierras forestales'!D$38 -> -0.048905895 | E44: =+'5ta'!$R91*'Emisiones Tierras forestales'!E$38 -> -0.048905895 | F44: =+'5ta'!$R91*'Emisiones Tierras forestales'!F$38 -> -0.048905895 | G44: =+'5ta'!$R91*'Emisiones Tierras forestales'!G$38 -> -0.051721289 | H44: =+'5ta'!$R91*'Emisiones Tierras forestales'!H$38 -> -0.054536682 | I44: =+'5ta'!$R91*'Emisiones Tierras forestales'!I$38 -> -0.03910489 | ... N44: =+'5ta'!$R91*'Emisiones Tierras forestales'!N$38 -> -0.016059639
A45: B. Siempre verde de tierras bajas de la Amazonía | B45: =+'5ta'!$R92*'Emisiones Tierras forestales'!B$38 -> -0.35786875 | C45: =+'5ta'!$R92*'Emisiones Tierras forestales'!C$38 -> -0.35786875 | D45: =+'5ta'!$R92*'Emisiones Tierras forestales'!D$38 -> -0.35786875 | E45: =+'5ta'!$R92*'Emisiones Tierras forestales'!E$38 -> -0.35786875 | F45: =+'5ta'!$R92*'Emisiones Tierras forestales'!F$38 -> -0.35786875 | G45: =+'5ta'!$R92*'Emisiones Tierras forestales'!G$38 -> -0.37847038 | H45: =+'5ta'!$R92*'Emisiones Tierras forestales'!H$38 -> -0.39907202 | I45: =+'5ta'!$R92*'Emisiones Tierras forestales'!I$38 -> -0.28614992 | ... N45: =+'5ta'!$R92*'Emisiones Tierras forestales'!N$38 -> -0.11751636
A46: B. Siempre verde de tierras bajas del Chocó | B46: =+'5ta'!$R93*'Emisiones Tierras forestales'!B$38 -> -0.039649059 | C46: =+'5ta'!$R93*'Emisiones Tierras forestales'!C$38 -> -0.039649059 | D46: =+'5ta'!$R93*'Emisiones Tierras forestales'!D$38 -> -0.039649059 | E46: =+'5ta'!$R93*'Emisiones Tierras forestales'!E$38 -> -0.039649059 | F46: =+'5ta'!$R93*'Emisiones Tierras forestales'!F$38 -> -0.039649059 | G46: =+'5ta'!$R93*'Emisiones Tierras forestales'!G$38 -> -0.041931559 | H46: =+'5ta'!$R93*'Emisiones Tierras forestales'!H$38 -> -0.044214059 | I46: =+'5ta'!$R93*'Emisiones Tierras forestales'!I$38 -> -0.031703173 | ... N46: =+'5ta'!$R93*'Emisiones Tierras forestales'!N$38 -> -0.013019894
A47: Manglar | B47: =+'5ta'!$R94*'Emisiones Tierras forestales'!B$38 -> -0.0098469282 | C47: =+'5ta'!$R94*'Emisiones Tierras forestales'!C$38 -> -0.0098469282 | D47: =+'5ta'!$R94*'Emisiones Tierras forestales'!D$38 -> -0.0098469282 | E47: =+'5ta'!$R94*'Emisiones Tierras forestales'!E$38 -> -0.0098469282 | F47: =+'5ta'!$R94*'Emisiones Tierras forestales'!F$38 -> -0.0098469282 | G47: =+'5ta'!$R94*'Emisiones Tierras forestales'!G$38 -> -0.010413792 | H47: =+'5ta'!$R94*'Emisiones Tierras forestales'!H$38 -> -0.010980656 | I47: =+'5ta'!$R94*'Emisiones Tierras forestales'!I$38 -> -0.0078735505 | ... N47: =+'5ta'!$R94*'Emisiones Tierras forestales'!N$38 -> -0.0032335183
A48: Moretal | B48: =+'5ta'!$R95*'Emisiones Tierras forestales'!B$38 -> -0.041178168 | C48: =+'5ta'!$R95*'Emisiones Tierras forestales'!C$38 -> -0.041178168 | D48: =+'5ta'!$R95*'Emisiones Tierras forestales'!D$38 -> -0.041178168 | E48: =+'5ta'!$R95*'Emisiones Tierras forestales'!E$38 -> -0.041178168 | F48: =+'5ta'!$R95*'Emisiones Tierras forestales'!F$38 -> -0.041178168 | G48: =+'5ta'!$R95*'Emisiones Tierras forestales'!G$38 -> -0.043548695 | H48: =+'5ta'!$R95*'Emisiones Tierras forestales'!H$38 -> -0.045919222 | I48: =+'5ta'!$R95*'Emisiones Tierras forestales'!I$38 -> -0.032925841 | ... N48: =+'5ta'!$R95*'Emisiones Tierras forestales'!N$38 -> -0.01352202
A49: Total | B49: =+SUM(B40:B48) -> -0.76330476 | C49: =+SUM(C40:C48) -> -0.76330476 | D49: =+SUM(D40:D48) -> -0.76330476 | E49: =+SUM(E40:E48) -> -0.76330476 | F49: =+SUM(F40:F48) -> -0.76330476 | G49: =+SUM(G40:G48) -> -0.80724636 | H49: =+SUM(H40:H48) -> -0.85118795 | I49: =+SUM(I40:I48) -> -0.61033436 | ... N49: =+SUM(N40:N48) -> -0.25065278
A51: Cobertura | B51: =+'5ta'!C90/1000 -> 0.037 | C51: =+'5ta'!D90/1000 -> 0.037 | D51: =+'5ta'!E90/1000 -> 0.037 | E51: =+'5ta'!F90/1000 -> 0.037 | F51: =+'5ta'!G90/1000 -> 0.037 | G51: =+'5ta'!H90/1000 -> 0.03913 | H51: =+'5ta'!I90/1000 -> 0.04126 | I51: =+'5ta'!J90/1000 -> 0.029585 | ... N51: =+'5ta'!O90/1000 -> 0.01215
B52: 2010 | C52: 2011 | D52: 2012 | E52: 2013 | F52: 2014 | G52: 2015 | H52: 2016 | I52: 2017 | J52: 2018 | K52: 2019 | L52: 2020 | M52: 2021 | N52: 2022
A53: B. Seco Andino | B53: =+'Cambio uso de suelo (BAU)'!D118 -> 9.0690931e-05 | C53: =+'Cambio uso de suelo (BAU)'!E118 -> 9.0690931e-05 | D53: =+'Cambio uso de suelo (BAU)'!F118 -> 9.0690931e-05 | E53: =+'Cambio uso de suelo (BAU)'!G118 -> 9.0690931e-05 | F53: =+'Cambio uso de suelo (BAU)'!H118 -> 9.0690931e-05 | G53: =+'Cambio uso de suelo (BAU)'!I118 -> 9.5911787e-05 | H53: =+'Cambio uso de suelo (BAU)'!J118 -> 0.00010113264 | I53: =+'Cambio uso de suelo (BAU)'!K118 -> 7.2515978e-05 | ... N53: =+'Cambio uso de suelo (BAU)'!P118 -> 2.9780941e-05
A54: B. Seco Pluvioestacional | B54: =+'Cambio uso de suelo (BAU)'!D119 -> 0.00088561379 | C54: =+'Cambio uso de suelo (BAU)'!E119 -> 0.00088561379 | D54: =+'Cambio uso de suelo (BAU)'!F119 -> 0.00088561379 | E54: =+'Cambio uso de suelo (BAU)'!G119 -> 0.00088561379 | F54: =+'Cambio uso de suelo (BAU)'!H119 -> 0.00088561379 | G54: =+'Cambio uso de suelo (BAU)'!I119 -> 0.00093659643 | H54: =+'Cambio uso de suelo (BAU)'!J119 -> 0.00098757906 | I54: =+'Cambio uso de suelo (BAU)'!K119 -> 0.000708132 | ... N54: =+'Cambio uso de suelo (BAU)'!P119 -> 0.00029081642
A55: B. Siempre verde andino Montano | B55: =+'Cambio uso de suelo (BAU)'!D120 -> 0.0084683257 | C55: =+'Cambio uso de suelo (BAU)'!E120 -> 0.0084683257 | D55: =+'Cambio uso de suelo (BAU)'!F120 -> 0.0084683257 | E55: =+'Cambio uso de suelo (BAU)'!G120 -> 0.0084683257 | F55: =+'Cambio uso de suelo (BAU)'!H120 -> 0.0084683257 | G55: =+'Cambio uso de suelo (BAU)'!I120 -> 0.0089558266 | H55: =+'Cambio uso de suelo (BAU)'!J120 -> 0.0094433276 | I55: =+'Cambio uso de suelo (BAU)'!K120 -> 0.0067712275 | ... N55: =+'Cambio uso de suelo (BAU)'!P120 -> 0.0027808151
A56: B. Siempre verde andino Pie montano | B56: =+'Cambio uso de suelo (BAU)'!D121 -> 0.0034423198 | C56: =+'Cambio uso de suelo (BAU)'!E121 -> 0.0034423198 | D56: =+'Cambio uso de suelo (BAU)'!F121 -> 0.0034423198 | E56: =+'Cambio uso de suelo (BAU)'!G121 -> 0.0034423198 | F56: =+'Cambio uso de suelo (BAU)'!H121 -> 0.0034423198 | G56: =+'Cambio uso de suelo (BAU)'!I121 -> 0.0036404858 | H56: =+'Cambio uso de suelo (BAU)'!J121 -> 0.0038386518 | I56: =+'Cambio uso de suelo (BAU)'!K121 -> 0.0027524603 | ... N56: =+'Cambio uso de suelo (BAU)'!P121 -> 0.0011303834
A57: B. Siempre verde andino de Ceja Andina | B57: =+'Cambio uso de suelo (BAU)'!D122 -> 0.0023706365 | C57: =+'Cambio uso de suelo (BAU)'!E122 -> 0.0023706365 | D57: =+'Cambio uso de suelo (BAU)'!F122 -> 0.0023706365 | E57: =+'Cambio uso de suelo (BAU)'!G122 -> 0.0023706365 | F57: =+'Cambio uso de suelo (BAU)'!H122 -> 0.0023706365 | G57: =+'Cambio uso de suelo (BAU)'!I122 -> 0.0025071083 | H57: =+'Cambio uso de suelo (BAU)'!J122 -> 0.0026435801 | I57: =+'Cambio uso de suelo (BAU)'!K122 -> 0.0018955481 | ... N57: =+'Cambio uso de suelo (BAU)'!P122 -> 0.00077846577
A58: B. Siempre verde de tierras bajas de la Amazonía | B58: =+'Cambio uso de suelo (BAU)'!D123 -> 0.017347126 | C58: =+'Cambio uso de suelo (BAU)'!E123 -> 0.017347126 | D58: =+'Cambio uso de suelo (BAU)'!F123 -> 0.017347126 | E58: =+'Cambio uso de suelo (BAU)'!G123 -> 0.017347126 | F58: =+'Cambio uso de suelo (BAU)'!H123 -> 0.017347126 | G58: =+'Cambio uso de suelo (BAU)'!I123 -> 0.018345758 | H58: =+'Cambio uso de suelo (BAU)'!J123 -> 0.01934439 | I58: =+'Cambio uso de suelo (BAU)'!K123 -> 0.013870668 | ... N58: =+'Cambio uso de suelo (BAU)'!P123 -> 0.0056964211
A59: B. Siempre verde de tierras bajas del Chocó | B59: =+'Cambio uso de suelo (BAU)'!D124 -> 0.0019219259 | C59: =+'Cambio uso de suelo (BAU)'!E124 -> 0.0019219259 | D59: =+'Cambio uso de suelo (BAU)'!F124 -> 0.0019219259 | E59: =+'Cambio uso de suelo (BAU)'!G124 -> 0.0019219259 | F59: =+'Cambio uso de suelo (BAU)'!H124 -> 0.0019219259 | G59: =+'Cambio uso de suelo (BAU)'!I124 -> 0.0020325665 | H59: =+'Cambio uso de suelo (BAU)'!J124 -> 0.0021432071 | I59: =+'Cambio uso de suelo (BAU)'!K124 -> 0.0015367616 | ... N59: =+'Cambio uso de suelo (BAU)'!P124 -> 0.00063111891
A60: Manglar | B60: =+'Cambio uso de suelo (BAU)'!D125 -> 0.00047731439 | C60: =+'Cambio uso de suelo (BAU)'!E125 -> 0.00047731439 | D60: =+'Cambio uso de suelo (BAU)'!F125 -> 0.00047731439 | E60: =+'Cambio uso de suelo (BAU)'!G125 -> 0.00047731439 | F60: =+'Cambio uso de suelo (BAU)'!H125 -> 0.00047731439 | G60: =+'Cambio uso de suelo (BAU)'!I125 -> 0.00050479222 | H60: =+'Cambio uso de suelo (BAU)'!J125 -> 0.00053227004 | I60: =+'Cambio uso de suelo (BAU)'!K125 -> 0.000381658 | ... N60: =+'Cambio uso de suelo (BAU)'!P125 -> 0.00015673972
A61: Moretal | B61: =+'Cambio uso de suelo (BAU)'!D126 -> 0.0019960471 | C61: =+'Cambio uso de suelo (BAU)'!E126 -> 0.0019960471 | D61: =+'Cambio uso de suelo (BAU)'!F126 -> 0.0019960471 | E61: =+'Cambio uso de suelo (BAU)'!G126 -> 0.0019960471 | F61: =+'Cambio uso de suelo (BAU)'!H126 -> 0.0019960471 | G61: =+'Cambio uso de suelo (BAU)'!I126 -> 0.0021109546 | H61: =+'Cambio uso de suelo (BAU)'!J126 -> 0.0022258622 | I61: =+'Cambio uso de suelo (BAU)'!K126 -> 0.0015960284 | ... N61: =+'Cambio uso de suelo (BAU)'!P126 -> 0.0006554587
A63: EAR | B63: 2010 | C63: 2011 | D63: 2012 | E63: 2013 | F63: 2014 | G63: 2015 | H63: 2016 | I63: 2017 | J63: 2018 | K63: 2019 | L63: 2020 | M63: 2021 | N63: 2022
A64: SUPCAMHUMAND | B64: =+B40/B53 -> -20.629858 | C64: =+C40/C53 -> -20.629858 | D64: =+D40/D53 -> -20.629858 | E64: =+E40/E53 -> -20.629858 | F64: =+F40/F53 -> -20.629858 | G64: =+G40/G53 -> -20.629858 | H64: =+H40/H53 -> -20.629858 | I64: =+I40/I53 -> -20.629858 | ... N64: =+N40/N53 -> -20.629858
A65: SUPCAMHUMPLU | B65: =+B41/B54 -> -20.629858 | C65: =+C41/C54 -> -20.629858 | D65: =+D41/D54 -> -20.629858 | E65: =+E41/E54 -> -20.629858 | F65: =+F41/F54 -> -20.629858 | G65: =+G41/G54 -> -20.629858 | H65: =+H41/H54 -> -20.629858 | I65: =+I41/I54 -> -20.629858 | ... N65: =+N41/N54 -> -20.629858
A66: SUPCAMHUMMON | B66: =+B42/B55 -> -20.629858 | C66: =+C42/C55 -> -20.629858 | D66: =+D42/D55 -> -20.629858 | E66: =+E42/E55 -> -20.629858 | F66: =+F42/F55 -> -20.629858 | G66: =+G42/G55 -> -20.629858 | H66: =+H42/H55 -> -20.629858 | I66: =+I42/I55 -> -20.629858 | ... N66: =+N42/N55 -> -20.629858
A67: SUPCAMHUMPIE | B67: =+B43/B56 -> -20.629858 | C67: =+C43/C56 -> -20.629858 | D67: =+D43/D56 -> -20.629858 | E67: =+E43/E56 -> -20.629858 | F67: =+F43/F56 -> -20.629858 | G67: =+G43/G56 -> -20.629858 | H67: =+H43/H56 -> -20.629858 | I67: =+I43/I56 -> -20.629858 | ... N67: =+N43/N56 -> -20.629858
A68: SUPCAMHUMCEJ | B68: =+B44/B57 -> -20.629858 | C68: =+C44/C57 -> -20.629858 | D68: =+D44/D57 -> -20.629858 | E68: =+E44/E57 -> -20.629858 | F68: =+F44/F57 -> -20.629858 | G68: =+G44/G57 -> -20.629858 | H68: =+H44/H57 -> -20.629858 | I68: =+I44/I57 -> -20.629858 | ... N68: =+N44/N57 -> -20.629858
A69: SUPCAMHUMAMA | B69: =+B45/B58 -> -20.629858 | C69: =+C45/C58 -> -20.629858 | D69: =+D45/D58 -> -20.629858 | E69: =+E45/E58 -> -20.629858 | F69: =+F45/F58 -> -20.629858 | G69: =+G45/G58 -> -20.629858 | H69: =+H45/H58 -> -20.629858 | I69: =+I45/I58 -> -20.629858 | ... N69: =+N45/N58 -> -20.629858
A70: SUPCAMHUMCHO | B70: =+B46/B59 -> -20.629858 | C70: =+C46/C59 -> -20.629858 | D70: =+D46/D59 -> -20.629858 | E70: =+E46/E59 -> -20.629858 | F70: =+F46/F59 -> -20.629858 | G70: =+G46/G59 -> -20.629858 | H70: =+H46/H59 -> -20.629858 | I70: =+I46/I59 -> -20.629858 | ... N70: =+N46/N59 -> -20.629858
A71: SUPCAMHUMMAN | B71: =+B47/B60 -> -20.629858 | C71: =+C47/C60 -> -20.629858 | D71: =+D47/D60 -> -20.629858 | E71: =+E47/E60 -> -20.629858 | F71: =+F47/F60 -> -20.629858 | G71: =+G47/G60 -> -20.629858 | H71: =+H47/H60 -> -20.629858 | I71: =+I47/I60 -> -20.629858 | ... N71: =+N47/N60 -> -20.629858
A72: SUPCAMHUMMOR | B72: =+B48/B61 -> -20.629858 | C72: =+C48/C61 -> -20.629858 | D72: =+D48/D61 -> -20.629858 | E72: =+E48/E61 -> -20.629858 | F72: =+F48/F61 -> -20.629858 | G72: =+G48/G61 -> -20.629858 | H72: =+H48/H61 -> -20.629858 | I72: =+I48/I61 -> -20.629858 | ... N72: =+N48/N61 -> -20.629858
A75: PAS a FOR | B75: =+INGEI_diffs!C5/1000 -> -37.381303 | C75: =+INGEI_diffs!D5/1000 -> -37.381303 | D75: =+INGEI_diffs!E5/1000 -> -37.381303 | E75: =+INGEI_diffs!F5/1000 -> -37.381303 | F75: =+INGEI_diffs!G5/1000 -> -37.381303 | G75: =+INGEI_diffs!H5/1000 -> -50.955234 | H75: =+INGEI_diffs!I5/1000 -> -64.529165 | I75: =+INGEI_diffs!J5/1000 -> -77.357533 | ... N75: =+INGEI_diffs!O5/1000 -> -1.1659996
A76: Emisiones(miles de tonCO2e) | B76: 2010 | C76: 2011 | D76: 2012 | E76: 2013 | F76: 2014 | G76: 2015 | H76: 2016 | I76: 2017 | J76: 2018 | K76: 2019 | L76: 2020 | M76: 2021 | N76: 2022
A77: B. Seco Andino | B77: =+'5ta'!$R87*'Emisiones Tierras forestales'!B$75 -> -0.091625546 | C77: =+'5ta'!$R87*'Emisiones Tierras forestales'!C$75 -> -0.091625546 | D77: =+'5ta'!$R87*'Emisiones Tierras forestales'!D$75 -> -0.091625546 | E77: =+'5ta'!$R87*'Emisiones Tierras forestales'!E$75 -> -0.091625546 | F77: =+'5ta'!$R87*'Emisiones Tierras forestales'!F$75 -> -0.091625546 | G77: =+'5ta'!$R87*'Emisiones Tierras forestales'!G$75 -> -0.12489669 | H77: =+'5ta'!$R87*'Emisiones Tierras forestales'!H$75 -> -0.15816784 | I77: =+'5ta'!$R87*'Emisiones Tierras forestales'!I$75 -> -0.18961153 | ... N77: =+'5ta'!$R87*'Emisiones Tierras forestales'!N$75 -> -0.0028579889
A78: B. Seco Pluvioestacional | B78: =+'5ta'!$R88*'Emisiones Tierras forestales'!B$75 -> -0.89474048 | C78: =+'5ta'!$R88*'Emisiones Tierras forestales'!C$75 -> -0.89474048 | D78: =+'5ta'!$R88*'Emisiones Tierras forestales'!D$75 -> -0.89474048 | E78: =+'5ta'!$R88*'Emisiones Tierras forestales'!E$75 -> -0.89474048 | F78: =+'5ta'!$R88*'Emisiones Tierras forestales'!F$75 -> -0.89474048 | G78: =+'5ta'!$R88*'Emisiones Tierras forestales'!G$75 -> -1.2196394 | H78: =+'5ta'!$R88*'Emisiones Tierras forestales'!H$75 -> -1.5445384 | I78: =+'5ta'!$R88*'Emisiones Tierras forestales'!I$75 -> -1.8515919 | ... N78: =+'5ta'!$R88*'Emisiones Tierras forestales'!N$75 -> -0.027908793
A79: B. Siempre verde andino Montano | B79: =+'5ta'!$R89*'Emisiones Tierras forestales'!B$75 -> -8.555596 | C79: =+'5ta'!$R89*'Emisiones Tierras forestales'!C$75 -> -8.555596 | D79: =+'5ta'!$R89*'Emisiones Tierras forestales'!D$75 -> -8.555596 | E79: =+'5ta'!$R89*'Emisiones Tierras forestales'!E$75 -> -8.555596 | F79: =+'5ta'!$R89*'Emisiones Tierras forestales'!F$75 -> -8.555596 | G79: =+'5ta'!$R89*'Emisiones Tierras forestales'!G$75 -> -11.662311 | H79: =+'5ta'!$R89*'Emisiones Tierras forestales'!H$75 -> -14.769027 | I79: =+'5ta'!$R89*'Emisiones Tierras forestales'!I$75 -> -17.705102 | ... N79: =+'5ta'!$R89*'Emisiones Tierras forestales'!N$75 -> -0.2668666
A80: B. Siempre verde andino Pie montano | B80: =+'5ta'!$R90*'Emisiones Tierras forestales'!B$75 -> -3.4777946 | C80: =+'5ta'!$R90*'Emisiones Tierras forestales'!C$75 -> -3.4777946 | D80: =+'5ta'!$R90*'Emisiones Tierras forestales'!D$75 -> -3.4777946 | E80: =+'5ta'!$R90*'Emisiones Tierras forestales'!E$75 -> -3.4777946 | F80: =+'5ta'!$R90*'Emisiones Tierras forestales'!F$75 -> -3.4777946 | G80: =+'5ta'!$R90*'Emisiones Tierras forestales'!G$75 -> -4.7406544 | H80: =+'5ta'!$R90*'Emisiones Tierras forestales'!H$75 -> -6.0035141 | I80: =+'5ta'!$R90*'Emisiones Tierras forestales'!I$75 -> -7.19701 | ... N80: =+'5ta'!$R90*'Emisiones Tierras forestales'!N$75 -> -0.10847955
A81: B. Siempre verde andino de Ceja Andina | B81: =+'5ta'!$R91*'Emisiones Tierras forestales'!B$75 -> -2.3950671 | C81: =+'5ta'!$R91*'Emisiones Tierras forestales'!C$75 -> -2.3950671 | D81: =+'5ta'!$R91*'Emisiones Tierras forestales'!D$75 -> -2.3950671 | E81: =+'5ta'!$R91*'Emisiones Tierras forestales'!E$75 -> -2.3950671 | F81: =+'5ta'!$R91*'Emisiones Tierras forestales'!F$75 -> -2.3950671 | G81: =+'5ta'!$R91*'Emisiones Tierras forestales'!G$75 -> -3.2647659 | H81: =+'5ta'!$R91*'Emisiones Tierras forestales'!H$75 -> -4.1344647 | I81: =+'5ta'!$R91*'Emisiones Tierras forestales'!I$75 -> -4.9563944 | ... N81: =+'5ta'!$R91*'Emisiones Tierras forestales'!N$75 -> -0.07470706
A82: B. Siempre verde de tierras bajas de la Amazonía | B82: =+'5ta'!$R92*'Emisiones Tierras forestales'!B$75 -> -17.525897 | C82: =+'5ta'!$R92*'Emisiones Tierras forestales'!C$75 -> -17.525897 | D82: =+'5ta'!$R92*'Emisiones Tierras forestales'!D$75 -> -17.525897 | E82: =+'5ta'!$R92*'Emisiones Tierras forestales'!E$75 -> -17.525897 | F82: =+'5ta'!$R92*'Emisiones Tierras forestales'!F$75 -> -17.525897 | G82: =+'5ta'!$R92*'Emisiones Tierras forestales'!G$75 -> -23.889915 | H82: =+'5ta'!$R92*'Emisiones Tierras forestales'!H$75 -> -30.253934 | I82: =+'5ta'!$R92*'Emisiones Tierras forestales'!I$75 -> -36.268402 | ... N82: =+'5ta'!$R92*'Emisiones Tierras forestales'!N$75 -> -0.5466687
A83: B. Siempre verde de tierras bajas del Chocó | B83: =+'5ta'!$R93*'Emisiones Tierras forestales'!B$75 -> -1.9417323 | C83: =+'5ta'!$R93*'Emisiones Tierras forestales'!C$75 -> -1.9417323 | D83: =+'5ta'!$R93*'Emisiones Tierras forestales'!D$75 -> -1.9417323 | E83: =+'5ta'!$R93*'Emisiones Tierras forestales'!E$75 -> -1.9417323 | F83: =+'5ta'!$R93*'Emisiones Tierras forestales'!F$75 -> -1.9417323 | G83: =+'5ta'!$R93*'Emisiones Tierras forestales'!G$75 -> -2.6468158 | H83: =+'5ta'!$R93*'Emisiones Tierras forestales'!H$75 -> -3.3518993 | I83: =+'5ta'!$R93*'Emisiones Tierras forestales'!I$75 -> -4.0182553 | ... N83: =+'5ta'!$R93*'Emisiones Tierras forestales'!N$75 -> -0.060566616
A84: Manglar | B84: =+'5ta'!$R94*'Emisiones Tierras forestales'!B$75 -> -0.48223335 | C84: =+'5ta'!$R94*'Emisiones Tierras forestales'!C$75 -> -0.48223335 | D84: =+'5ta'!$R94*'Emisiones Tierras forestales'!D$75 -> -0.48223335 | E84: =+'5ta'!$R94*'Emisiones Tierras forestales'!E$75 -> -0.48223335 | F84: =+'5ta'!$R94*'Emisiones Tierras forestales'!F$75 -> -0.48223335 | G84: =+'5ta'!$R94*'Emisiones Tierras forestales'!G$75 -> -0.65734234 | H84: =+'5ta'!$R94*'Emisiones Tierras forestales'!H$75 -> -0.83245132 | I84: =+'5ta'!$R94*'Emisiones Tierras forestales'!I$75 -> -0.99794226 | ... N84: =+'5ta'!$R94*'Emisiones Tierras forestales'!N$75 -> -0.015041848
A85: Moretal | B85: =+'5ta'!$R95*'Emisiones Tierras forestales'!B$75 -> -2.0166173 | C85: =+'5ta'!$R95*'Emisiones Tierras forestales'!C$75 -> -2.0166173 | D85: =+'5ta'!$R95*'Emisiones Tierras forestales'!D$75 -> -2.0166173 | E85: =+'5ta'!$R95*'Emisiones Tierras forestales'!E$75 -> -2.0166173 | F85: =+'5ta'!$R95*'Emisiones Tierras forestales'!F$75 -> -2.0166173 | G85: =+'5ta'!$R95*'Emisiones Tierras forestales'!G$75 -> -2.7488931 | H85: =+'5ta'!$R95*'Emisiones Tierras forestales'!H$75 -> -3.4811689 | I85: =+'5ta'!$R95*'Emisiones Tierras forestales'!I$75 -> -4.1732237 | ... N85: =+'5ta'!$R95*'Emisiones Tierras forestales'!N$75 -> -0.062902434
A86: Total | B86: =+SUM(B77:B85) -> -37.381303 | C86: =+SUM(C77:C85) -> -37.381303 | D86: =+SUM(D77:D85) -> -37.381303 | E86: =+SUM(E77:E85) -> -37.381303 | F86: =+SUM(F77:F85) -> -37.381303 | G86: =+SUM(G77:G85) -> -50.955234 | H86: =+SUM(H77:H85) -> -64.529165 | I86: =+SUM(I77:I85) -> -77.357533 | ... N86: =+SUM(N77:N85) -> -1.1659996
A88: Cobertura | B88: =+'5ta'!C89/1000 -> 1.812 | C88: =+'5ta'!D89/1000 -> 1.812 | D88: =+'5ta'!E89/1000 -> 1.812 | E88: =+'5ta'!F89/1000 -> 1.812 | F88: =+'5ta'!G89/1000 -> 1.812 | G88: =+'5ta'!H89/1000 -> 2.469975 | H88: =+'5ta'!I89/1000 -> 3.12795 | I88: =+'5ta'!J89/1000 -> 3.749785 | ... N88: =+'5ta'!O89/1000 -> 0.05652
B89: 2010 | C89: 2011 | D89: 2012 | E89: 2013 | F89: 2014 | G89: 2015 | H89: 2016 | I89: 2017 | J89: 2018 | K89: 2019 | L89: 2020 | M89: 2021 | N89: 2022
A90: B. Seco Andino | B90: =+'Cambio uso de suelo (BAU)'!D107 -> 0.0044414045 | C90: =+'Cambio uso de suelo (BAU)'!E107 -> 0.0044414045 | D90: =+'Cambio uso de suelo (BAU)'!F107 -> 0.0044414045 | E90: =+'Cambio uso de suelo (BAU)'!G107 -> 0.0044414045 | F90: =+'Cambio uso de suelo (BAU)'!H107 -> 0.0044414045 | G90: =+'Cambio uso de suelo (BAU)'!I107 -> 0.0060541711 | H90: =+'Cambio uso de suelo (BAU)'!J107 -> 0.0076669377 | I90: =+'Cambio uso de suelo (BAU)'!K107 -> 0.0091911214 | ... N90: =+'Cambio uso de suelo (BAU)'!P107 -> 0.00013853652
A91: B. Seco Pluvioestacional | B91: =+'Cambio uso de suelo (BAU)'!D108 -> 0.04337114 | C91: =+'Cambio uso de suelo (BAU)'!E108 -> 0.04337114 | D91: =+'Cambio uso de suelo (BAU)'!F108 -> 0.04337114 | E91: =+'Cambio uso de suelo (BAU)'!G108 -> 0.04337114 | F91: =+'Cambio uso de suelo (BAU)'!H108 -> 0.04337114 | G91: =+'Cambio uso de suelo (BAU)'!I108 -> 0.059120106 | H91: =+'Cambio uso de suelo (BAU)'!J108 -> 0.074869072 | I91: =+'Cambio uso de suelo (BAU)'!K108 -> 0.089753009 | ... N91: =+'Cambio uso de suelo (BAU)'!P108 -> 0.0013528349
A92: B. Siempre verde andino Montano | B92: =+'Cambio uso de suelo (BAU)'!D109 -> 0.41471909 | C92: =+'Cambio uso de suelo (BAU)'!E109 -> 0.41471909 | D92: =+'Cambio uso de suelo (BAU)'!F109 -> 0.41471909 | E92: =+'Cambio uso de suelo (BAU)'!G109 -> 0.41471909 | F92: =+'Cambio uso de suelo (BAU)'!H109 -> 0.41471909 | G92: =+'Cambio uso de suelo (BAU)'!I109 -> 0.56531224 | H92: =+'Cambio uso de suelo (BAU)'!J109 -> 0.71590539 | I92: =+'Cambio uso de suelo (BAU)'!K109 -> 0.85822705 | ... N92: =+'Cambio uso de suelo (BAU)'!P109 -> 0.01293594
A93: B. Siempre verde andino Pie montano | B93: =+'Cambio uso de suelo (BAU)'!D110 -> 0.16858063 | C93: =+'Cambio uso de suelo (BAU)'!E110 -> 0.16858063 | D93: =+'Cambio uso de suelo (BAU)'!F110 -> 0.16858063 | E93: =+'Cambio uso de suelo (BAU)'!G110 -> 0.16858063 | F93: =+'Cambio uso de suelo (BAU)'!H110 -> 0.16858063 | G93: =+'Cambio uso de suelo (BAU)'!I110 -> 0.22979578 | H93: =+'Cambio uso de suelo (BAU)'!J110 -> 0.29101092 | I93: =+'Cambio uso de suelo (BAU)'!K110 -> 0.34886376 | ... N93: =+'Cambio uso de suelo (BAU)'!P110 -> 0.0052583761
A94: B. Siempre verde andino de Ceja Andina | B94: =+'Cambio uso de suelo (BAU)'!D111 -> 0.11609712 | C94: =+'Cambio uso de suelo (BAU)'!E111 -> 0.11609712 | D94: =+'Cambio uso de suelo (BAU)'!F111 -> 0.11609712 | E94: =+'Cambio uso de suelo (BAU)'!G111 -> 0.11609712 | F94: =+'Cambio uso de suelo (BAU)'!H111 -> 0.11609712 | G94: =+'Cambio uso de suelo (BAU)'!I111 -> 0.1582544 | H94: =+'Cambio uso de suelo (BAU)'!J111 -> 0.20041169 | I94: =+'Cambio uso de suelo (BAU)'!K111 -> 0.24025344 | ... N94: =+'Cambio uso de suelo (BAU)'!P111 -> 0.0036213074
A95: B. Siempre verde de tierras bajas de la Amazonía | B95: =+'Cambio uso de suelo (BAU)'!D112 -> 0.84954033 | C95: =+'Cambio uso de suelo (BAU)'!E112 -> 0.84954033 | D95: =+'Cambio uso de suelo (BAU)'!F112 -> 0.84954033 | E95: =+'Cambio uso de suelo (BAU)'!G112 -> 0.84954033 | F95: =+'Cambio uso de suelo (BAU)'!H112 -> 0.84954033 | G95: =+'Cambio uso de suelo (BAU)'!I112 -> 1.1580261 | H95: =+'Cambio uso de suelo (BAU)'!J112 -> 1.466512 | I95: =+'Cambio uso de suelo (BAU)'!K112 -> 1.7580539 | ... N95: =+'Cambio uso de suelo (BAU)'!P112 -> 0.026498907
A96: B. Siempre verde de tierras bajas del Chocó | B96: =+'Cambio uso de suelo (BAU)'!D113 -> 0.094122425 | C96: =+'Cambio uso de suelo (BAU)'!E113 -> 0.094122425 | D96: =+'Cambio uso de suelo (BAU)'!F113 -> 0.094122425 | E96: =+'Cambio uso de suelo (BAU)'!G113 -> 0.094122425 | F96: =+'Cambio uso de suelo (BAU)'!H113 -> 0.094122425 | G96: =+'Cambio uso de suelo (BAU)'!I113 -> 0.12830024 | H96: =+'Cambio uso de suelo (BAU)'!J113 -> 0.16247806 | I96: =+'Cambio uso de suelo (BAU)'!K113 -> 0.19477862 | ... N96: =+'Cambio uso de suelo (BAU)'!P113 -> 0.0029358717
A97: Manglar | B97: =+'Cambio uso de suelo (BAU)'!D114 -> 0.023375505 | C97: =+'Cambio uso de suelo (BAU)'!E114 -> 0.023375505 | D97: =+'Cambio uso de suelo (BAU)'!F114 -> 0.023375505 | E97: =+'Cambio uso de suelo (BAU)'!G114 -> 0.023375505 | F97: =+'Cambio uso de suelo (BAU)'!H114 -> 0.023375505 | G97: =+'Cambio uso de suelo (BAU)'!I114 -> 0.031863638 | H97: =+'Cambio uso de suelo (BAU)'!J114 -> 0.040351771 | I97: =+'Cambio uso de suelo (BAU)'!K114 -> 0.048373685 | ... N97: =+'Cambio uso de suelo (BAU)'!P114 -> 0.00072912998
A98: Moretal | B98: =+'Cambio uso de suelo (BAU)'!D115 -> 0.097752359 | C98: =+'Cambio uso de suelo (BAU)'!E115 -> 0.097752359 | D98: =+'Cambio uso de suelo (BAU)'!F115 -> 0.097752359 | E98: =+'Cambio uso de suelo (BAU)'!G115 -> 0.097752359 | F98: =+'Cambio uso de suelo (BAU)'!H115 -> 0.097752359 | G98: =+'Cambio uso de suelo (BAU)'!I115 -> 0.13324828 | H98: =+'Cambio uso de suelo (BAU)'!J115 -> 0.1687442 | I98: =+'Cambio uso de suelo (BAU)'!K115 -> 0.20229047 | ... N98: =+'Cambio uso de suelo (BAU)'!P115 -> 0.0030490968
A100: EAR | B100: 2010 | C100: 2011 | D100: 2012 | E100: 2013 | F100: 2014 | G100: 2015 | H100: 2016 | I100: 2017 | J100: 2018 | K100: 2019 | L100: 2020 | M100: 2021 | N100: 2022
A101: SUPCAMGRAAND | B101: =+B77/B90 -> -20.629858 | C101: =+C77/C90 -> -20.629858 | D101: =+D77/D90 -> -20.629858 | E101: =+E77/E90 -> -20.629858 | F101: =+F77/F90 -> -20.629858 | G101: =+G77/G90 -> -20.629858 | H101: =+H77/H90 -> -20.629858 | I101: =+I77/I90 -> -20.629858 | ... N101: =+N77/N90 -> -20.629858
A102: SUPCAMGRAPLU | B102: =+B78/B91 -> -20.629858 | C102: =+C78/C91 -> -20.629858 | D102: =+D78/D91 -> -20.629858 | E102: =+E78/E91 -> -20.629858 | F102: =+F78/F91 -> -20.629858 | G102: =+G78/G91 -> -20.629858 | H102: =+H78/H91 -> -20.629858 | I102: =+I78/I91 -> -20.629858 | ... N102: =+N78/N91 -> -20.629858
A103: SUPCAMGRAMON | B103: =+B79/B92 -> -20.629858 | C103: =+C79/C92 -> -20.629858 | D103: =+D79/D92 -> -20.629858 | E103: =+E79/E92 -> -20.629858 | F103: =+F79/F92 -> -20.629858 | G103: =+G79/G92 -> -20.629858 | H103: =+H79/H92 -> -20.629858 | I103: =+I79/I92 -> -20.629858 | ... N103: =+N79/N92 -> -20.629858
A104: SUPCAMGRAPIE | B104: =+B80/B93 -> -20.629858 | C104: =+C80/C93 -> -20.629858 | D104: =+D80/D93 -> -20.629858 | E104: =+E80/E93 -> -20.629858 | F104: =+F80/F93 -> -20.629858 | G104: =+G80/G93 -> -20.629858 | H104: =+H80/H93 -> -20.629858 | I104: =+I80/I93 -> -20.629858 | ... N104: =+N80/N93 -> -20.629858
A105: SUPCAMGRACEJ | B105: =+B81/B94 -> -20.629858 | C105: =+C81/C94 -> -20.629858 | D105: =+D81/D94 -> -20.629858 | E105: =+E81/E94 -> -20.629858 | F105: =+F81/F94 -> -20.629858 | G105: =+G81/G94 -> -20.629858 | H105: =+H81/H94 -> -20.629858 | I105: =+I81/I94 -> -20.629858 | ... N105: =+N81/N94 -> -20.629858
A106: SUPCAMGRAAMA | B106: =+B82/B95 -> -20.629858 | C106: =+C82/C95 -> -20.629858 | D106: =+D82/D95 -> -20.629858 | E106: =+E82/E95 -> -20.629858 | F106: =+F82/F95 -> -20.629858 | G106: =+G82/G95 -> -20.629858 | H106: =+H82/H95 -> -20.629858 | I106: =+I82/I95 -> -20.629858 | ... N106: =+N82/N95 -> -20.629858
A107: SUPCAMGRACHO | B107: =+B83/B96 -> -20.629858 | C107: =+C83/C96 -> -20.629858 | D107: =+D83/D96 -> -20.629858 | E107: =+E83/E96 -> -20.629858 | F107: =+F83/F96 -> -20.629858 | G107: =+G83/G96 -> -20.629858 | H107: =+H83/H96 -> -20.629858 | I107: =+I83/I96 -> -20.629858 | ... N107: =+N83/N96 -> -20.629858
A108: SUPCAMGRAMAN | B108: =+B84/B97 -> -20.629858 | C108: =+C84/C97 -> -20.629858 | D108: =+D84/D97 -> -20.629858 | E108: =+E84/E97 -> -20.629858 | F108: =+F84/F97 -> -20.629858 | G108: =+G84/G97 -> -20.629858 | H108: =+H84/H97 -> -20.629858 | I108: =+I84/I97 -> -20.629858 | ... N108: =+N84/N97 -> -20.629858
A109: SUPCAMGRAMOR | B109: =+B85/B98 -> -20.629858 | C109: =+C85/C98 -> -20.629858 | D109: =+D85/D98 -> -20.629858 | E109: =+E85/E98 -> -20.629858 | F109: =+F85/F98 -> -20.629858 | G109: =+G85/G98 -> -20.629858 | H109: =+H85/H98 -> -20.629858 | I109: =+I85/I98 -> -20.629858 | ... N109: =+N85/N98 -> -20.629858
A112: OTI a FOR | B112: =+INGEI_diffs!C8/1000 -> -0.16503887 | C112: =+INGEI_diffs!D8/1000 -> -0.16503887 | D112: =+INGEI_diffs!E8/1000 -> -0.16503887 | E112: =+INGEI_diffs!F8/1000 -> -0.16503887 | F112: =+INGEI_diffs!G8/1000 -> -0.16503887 | G112: =+INGEI_diffs!H8/1000 -> -0.32161949 | H112: =+INGEI_diffs!I8/1000 -> -0.47820012 | I112: =+INGEI_diffs!J8/1000 -> -2.1417919 | ... N112: =+INGEI_diffs!O8/1000 -> -0.78816566
...

Sheet Forestales
A1: Emisiones | B1: =+INGEI_diffs!C2/1000 -> -19217.574 | C1: =+INGEI_diffs!D2/1000 -> -20027.829 | D1: =+INGEI_diffs!E2/1000 -> -20838.084 | E1: =+INGEI_diffs!F2/1000 -> -22648.214 | F1: =+INGEI_diffs!G2/1000 -> -24458.345 | G1: =+INGEI_diffs!H2/1000 -> -22793.711 | H1: =+INGEI_diffs!I2/1000 -> -21129.078 | I1: =+INGEI_diffs!J2/1000 -> -22396.71 | ... N1: =+INGEI_diffs!O2/1000 -> -18652.838
A2: Emisiones(miles de tonCO2e) | B2: 2010 | C2: 2011 | D2: 2012 | E2: 2013 | F2: 2014 | G2: 2015 | H2: 2016 | I2: 2017 | J2: 2018 | K2: 2019 | L2: 2020 | M2: 2021 | N2: 2022
A3: B. Seco Andino | B3: =+B$1*'5ta'!$R87 -> -47.104315 | C3: =+C$1*'5ta'!$R87 -> -49.090336 | D3: =+D$1*'5ta'!$R87 -> -51.076357 | E3: =+E$1*'5ta'!$R87 -> -55.513179 | F3: =+F$1*'5ta'!$R87 -> -59.950001 | G3: =+G$1*'5ta'!$R87 -> -55.869808 | H3: =+H$1*'5ta'!$R87 -> -51.789615 | I3: =+I$1*'5ta'!$R87 -> -54.896715 | ... N3: =+N$1*'5ta'!$R87 -> -45.720089
A4: B. Seco Pluvioestacional | B4: =+B$1*'5ta'!$R88 -> -459.98239 | C4: =+C$1*'5ta'!$R88 -> -479.37626 | D4: =+D$1*'5ta'!$R88 -> -498.77012 | E4: =+E$1*'5ta'!$R88 -> -542.09651 | F4: =+F$1*'5ta'!$R88 -> -585.4229 | G4: =+G$1*'5ta'!$R88 -> -545.57906 | H4: =+H$1*'5ta'!$R88 -> -505.73522 | I4: =+I$1*'5ta'!$R88 -> -536.07663 | ... N4: =+N$1*'5ta'!$R88 -> -446.46516
A5: B. Siempre verde andino Montano | B5: =+B$1*'5ta'!$R89 -> -4398.3966 | C5: =+C$1*'5ta'!$R89 -> -4583.8426 | D5: =+D$1*'5ta'!$R89 -> -4769.2886 | E5: =+E$1*'5ta'!$R89 -> -5183.5799 | F5: =+F$1*'5ta'!$R89 -> -5597.8711 | G5: =+G$1*'5ta'!$R89 -> -5216.8803 | H5: =+H$1*'5ta'!$R89 -> -4835.8896 | I5: =+I$1*'5ta'!$R89 -> -5126.0172 | ... N5: =+N$1*'5ta'!$R89 -> -4269.1436
A6: B. Siempre verde andino Pie montano | B6: =+B$1*'5ta'!$R90 -> -1787.9199 | C6: =+C$1*'5ta'!$R90 -> -1863.3025 | D6: =+D$1*'5ta'!$R90 -> -1938.6851 | E6: =+E$1*'5ta'!$R90 -> -2107.0918 | F6: =+F$1*'5ta'!$R90 -> -2275.4985 | G6: =+G$1*'5ta'!$R90 -> -2120.6282 | H6: =+H$1*'5ta'!$R90 -> -1965.7579 | I6: =+I$1*'5ta'!$R90 -> -2083.6929 | ... N6: =+N$1*'5ta'!$R90 -> -1735.3793
A7: B. Siempre verde andino de Ceja Andina | B7: =+B$1*'5ta'!$R91 -> -1231.2941 | C7: =+C$1*'5ta'!$R91 -> -1283.2082 | D7: =+D$1*'5ta'!$R91 -> -1335.1222 | E7: =+E$1*'5ta'!$R91 -> -1451.0995 | F7: =+F$1*'5ta'!$R91 -> -1567.0769 | G7: =+G$1*'5ta'!$R91 -> -1460.4217 | H7: =+H$1*'5ta'!$R91 -> -1353.7666 | I7: =+I$1*'5ta'!$R91 -> -1434.9854 | ... N7: =+N$1*'5ta'!$R91 -> -1195.1108
A8: B. Siempre verde de tierras bajas de la Amazonía | B8: =+B$1*'5ta'!$R92 -> -9009.9912 | C8: =+C$1*'5ta'!$R92 -> -9389.8721 | D8: =+D$1*'5ta'!$R92 -> -9769.753 | E8: =+E$1*'5ta'!$R92 -> -10618.417 | F8: =+F$1*'5ta'!$R92 -> -11467.081 | G8: =+G$1*'5ta'!$R92 -> -10686.632 | H8: =+H$1*'5ta'!$R92 -> -9906.1832 | I8: =+I$1*'5ta'!$R92 -> -10500.501 | ... N8: =+N$1*'5ta'!$R92 -> -8745.2199
A9: B. Siempre verde de tierras bajas del Chocó | B9: =+B$1*'5ta'!$R93 -> -998.23657 | C9: =+C$1*'5ta'!$R93 -> -1040.3244 | D9: =+D$1*'5ta'!$R93 -> -1082.4122 | E9: =+E$1*'5ta'!$R93 -> -1176.4375 | F9: =+F$1*'5ta'!$R93 -> -1270.4629 | G9: =+G$1*'5ta'!$R93 -> -1183.9952 | H9: =+H$1*'5ta'!$R93 -> -1097.5276 | I9: =+I$1*'5ta'!$R93 -> -1163.3734 | ... N9: =+N$1*'5ta'!$R93 -> -968.90198
A10: Manglar | B10: =+B$1*'5ta'!$R94 -> -247.91418 | C10: =+C$1*'5ta'!$R94 -> -258.36678 | D10: =+D$1*'5ta'!$R94 -> -268.81938 | E10: =+E$1*'5ta'!$R94 -> -292.17077 | F10: =+F$1*'5ta'!$R94 -> -315.52216 | G10: =+G$1*'5ta'!$R94 -> -294.04774 | H10: =+H$1*'5ta'!$R94 -> -272.57332 | I10: =+I$1*'5ta'!$R94 -> -288.92627 | ... N10: =+N$1*'5ta'!$R94 -> -240.62887
A11: Moretal | B11: =+B$1*'5ta'!$R95 -> -1036.7346 | C11: =+C$1*'5ta'!$R95 -> -1080.4456 | D11: =+D$1*'5ta'!$R95 -> -1124.1566 | E11: =+E$1*'5ta'!$R95 -> -1221.8081 | F11: =+F$1*'5ta'!$R95 -> -1319.4597 | G11: =+G$1*'5ta'!$R95 -> -1229.6573 | H11: =+H$1*'5ta'!$R95 -> -1139.855 | I11: =+I$1*'5ta'!$R95 -> -1208.2402 | ... N11: =+N$1*'5ta'!$R95 -> -1006.2687
A12: Total | B12: =+SUM(B3:B11) -> -19217.574 | C12: =+SUM(C3:C11) -> -20027.829 | D12: =+SUM(D3:D11) -> -20838.084 | E12: =+SUM(E3:E11) -> -22648.214 | F12: =+SUM(F3:F11) -> -24458.345 | G12: =+SUM(G3:G11) -> -22793.711 | H12: =+SUM(H3:H11) -> -21129.078 | I12: =+SUM(I3:I11) -> -22396.71 | ... N12: =+SUM(N3:N11) -> -18652.838
A14: Cobertura
A15: B. Seco Andino | B15: 12.34832 | C15: 13.402625 | D15: 14.45693 | E15: 14.58446 | F15: 14.71199 | G15: 14.75553 | H15: 14.79907 | I15: 14.779865 | J15: 14.76066 | K15: 14.76066 | L15: 14.76066 | M15: 13.635 | N15: 13.635
A16: B. Seco Pluvioestacional | B16: 120.58364 | C16: 126.21503 | D16: 131.84642 | E16: 136.0105 | F16: 140.17458 | G16: 140.00463 | H16: 139.83467 | I16: 139.85384 | J16: 139.87301 | K16: 139.87301 | L16: 139.87301 | M16: 139.386 | N16: 139.386
A17: B. Siempre verde andino Montano | B17: 1153.0326 | C17: 1158.7426 | D17: 1164.4526 | E17: 1198.6502 | F17: 1232.8479 | G17: 1233.7965 | H17: 1234.7451 | I17: 1245.5305 | J17: 1256.3159 | K17: 1256.3159 | L17: 1256.3159 | M17: 1257.518 | N17: 1257.518
A18: B. Siempre verde andino Pie montano | B18: 468.7003 | C18: 469.70792 | D18: 470.71555 | E18: 488.97563 | F18: 507.23571 | G18: 506.69036 | H18: 506.14502 | I18: 514.64234 | J18: 523.13965 | K18: 523.13965 | L18: 523.13965 | M18: 515.144 | N18: 515.144
A19: B. Siempre verde andino de Ceja Andina | B19: 322.78176 | C19: 325.37089 | D19: 327.96002 | E19: 333.55776 | F19: 339.1555 | G19: 340.20731 | H19: 341.25912 | I19: 357.94489 | J19: 374.63066 | K19: 374.63066 | L19: 374.63066 | M19: 375.109 | N19: 375.109
A20: B. Siempre verde de tierras bajas de la Amazonía | B20: 2361.9546 | C20: 2536.3038 | D20: 2710.653 | E20: 2768.5834 | F20: 2826.5138 | G20: 2858.7582 | H20: 2891.0026 | I20: 2955.7263 | J20: 3020.45 | K20: 3020.45 | L20: 3020.45 | M20: 2928.882 | N20: 2928.882
A21: B. Siempre verde de tierras bajas del Chocó | B21: 261.6861 | C21: 263.6224 | D21: 265.5587 | E21: 269.70002 | F21: 273.84134 | G21: 268.73808 | H21: 263.63481 | I21: 262.9087 | J21: 262.1826 | K21: 262.1826 | L21: 262.1826 | M21: 240.487 | N21: 240.487
A22: Manglar | B22: 64.9903 | C22: 65.335185 | D22: 65.68007 | E22: 64.106675 | F22: 62.53328 | G22: 65.73885 | H22: 68.94442 | I22: 68.62894 | J22: 68.31346 | K22: 68.31346 | L22: 68.31346 | M22: 98.087 | N22: 98.087
A23: Moretal | B23: 271.77831 | C23: 272.68514 | D23: 273.59197 | E23: 278.16317 | F23: 282.73438 | G23: 289.39154 | H23: 296.0487 | I23: 298.13771 | J23: 300.22673 | K23: 300.22673 | L23: 300.22673 | M23: 272.847 | N23: 272.847
A25: EAR
A26: B. Seco Andino | B26: =+B3/B15 -> -3.8146335 | C26: =+C3/C15 -> -3.6627404 | D26: =+D3/D15 -> -3.5330016 | E26: =+E3/E15 -> -3.8063239 | F26: =+F3/F15 -> -4.0749077 | G26: =+G3/G15 -> -3.786364 | H26: =+H3/H15 -> -3.4995182 | I26: =+I3/I15 -> -3.7142907 | ... N26: =+N3/N15 -> -3.3531418
A27: B. Seco Pluvioestacional | B27: =+B4/B16 -> -3.8146335 | C27: =+C4/C16 -> -3.7980917 | D27: =+D4/D16 -> -3.7829629 | E27: =+E4/E16 -> -3.985696 | F27: =+F4/F16 -> -4.1763842 | G27: =+G4/G16 -> -3.8968646 | H27: =+H4/H16 -> -3.6166654 | I27: =+I4/I16 -> -3.8331206 | ... N27: =+N4/N16 -> -3.2030847
A28: B. Siempre verde andino Montano | B28: =+B5/B17 -> -3.8146335 | C28: =+C5/C17 -> -3.9558766 | D28: =+D5/D17 -> -4.0957346 | E28: =+E5/E17 -> -4.3245141 | F28: =+F5/F17 -> -4.5406015 | G28: =+G5/G17 -> -4.228315 | H28: =+H5/H17 -> -3.9165084 | I28: =+I5/I17 -> -4.1155292 | ... N28: =+N5/N17 -> -3.3948966
A29: B. Siempre verde andino Pie montano | B29: =+B6/B18 -> -3.8146335 | C29: =+C6/C18 -> -3.9669385 | D29: =+D6/D18 -> -4.1185915 | E29: =+E6/E18 -> -4.3091959 | F29: =+F6/F18 -> -4.4860771 | G29: =+G6/G18 -> -4.1852547 | H29: =+H6/H18 -> -3.883784 | I29: =+I6/I18 -> -4.0488175 | ... N29: =+N6/N18 -> -3.3687267
A30: B. Siempre verde andino de Ceja Andina | B30: =+B7/B19 -> -3.8146335 | C30: =+C7/C19 -> -3.9438321 | D30: =+D7/D19 -> -4.0709908 | E30: =+E7/E19 -> -4.3503696 | F30: =+F7/F19 -> -4.6205262 | G30: =+G7/G19 -> -4.2927406 | H30: =+H7/H19 -> -3.9669756 | I30: =+I7/I19 -> -4.0089561 | ... N30: =+N7/N19 -> -3.1860361
A31: B. Siempre verde de tierras bajas de la Amazonía | B31: =+B8/B20 -> -3.8146335 | C31: =+C8/C20 -> -3.7021875 | D31: =+D8/D20 -> -3.6042065 | E31: =+E8/E20 -> -3.8353249 | F31: =+F8/F20 -> -4.0569697 | G31: =+G8/G20 -> -3.7382077 | H31: =+H8/H20 -> -3.4265563 | I31: =+I8/I20 -> -3.5525959 | ... N31: =+N8/N20 -> -2.985856
A32: B. Siempre verde de tierras bajas del Chocó | B32: =+B9/B21 -> -3.8146335 | C32: =+C9/C21 -> -3.9462671 | D32: =+D9/D21 -> -4.075981 | E32: =+E9/E21 -> -4.3620225 | F32: =+F9/F21 -> -4.6394122 | G32: =+G9/G21 -> -4.4057592 | H32: =+H9/H21 -> -4.1630604 | I32: =+I9/I21 -> -4.4250091 | ... N32: =+N9/N21 -> -4.0289162
A33: Manglar | B33: =+B10/B22 -> -3.8146335 | C33: =+C10/C22 -> -3.9544815 | D33: =+D10/D22 -> -4.0928608 | E33: =+E10/E22 -> -4.5575717 | F33: =+F10/F22 -> -5.0456678 | G33: =+G10/G22 -> -4.4729675 | H33: =+H10/H22 -> -3.9535226 | I33: =+I10/I22 -> -4.2099771 | ... N33: =+N10/N22 -> -2.4532188
A34: Moretal | B34: =+B11/B23 -> -3.8146335 | C34: =+C11/C23 -> -3.9622461 | D34: =+D11/D23 -> -4.1088802 | E34: =+E11/E23 -> -4.3924152 | F34: =+F11/F23 -> -4.6667818 | G34: =+G11/G23 -> -4.2491129 | H34: =+H11/H23 -> -3.850228 | I34: =+I11/I23 -> -4.0526244 | ... N34: =+N11/N23 -> -3.688033

Sheet Emisiones asentamientos
A1: FOR a ASE | B1: =+INGEI_diffs!C32/1000 -> 163.50727 | C1: =+INGEI_diffs!D32/1000 -> 163.50727 | D1: =+INGEI_diffs!E32/1000 -> 163.50727 | E1: =+INGEI_diffs!F32/1000 -> 163.50727 | F1: =+INGEI_diffs!G32/1000 -> 163.50727 | G1: =+INGEI_diffs!H32/1000 -> 153.95631 | H1: =+INGEI_diffs!I32/1000 -> 144.40535 | I1: =+INGEI_diffs!J32/1000 -> 202.53819 | ... N1: =+INGEI_diffs!O32/1000 -> 710.13594
A2: Emisiones(miles de tonCO2e) | B2: 2010 | C2: 2011 | D2: 2012 | E2: 2013 | F2: 2014 | G2: 2015 | H2: 2016 | I2: 2017 | J2: 2018 | K2: 2019 | L2: 2020 | M2: 2021 | N2: 2022
A3: B. Seco Andino | B3: =+'5ta'!$R87*B$1 -> 0.4007737 | C3: =+'5ta'!$R87*C$1 -> 0.4007737 | D3: =+'5ta'!$R87*D$1 -> 0.4007737 | E3: =+'5ta'!$R87*E$1 -> 0.4007737 | F3: =+'5ta'!$R87*F$1 -> 0.4007737 | G3: =+'5ta'!$R87*G$1 -> 0.37736327 | H3: =+'5ta'!$R87*H$1 -> 0.35395285 | I3: =+'5ta'!$R87*I$1 -> 0.49644261 | ... N3: =+'5ta'!$R87*N$1 -> 1.7406186
A4: B. Seco Pluvioestacional | B4: =+'5ta'!$R88*B$1 -> 3.9136296 | C4: =+'5ta'!$R88*C$1 -> 3.9136296 | D4: =+'5ta'!$R88*D$1 -> 3.9136296 | E4: =+'5ta'!$R88*E$1 -> 3.9136296 | F4: =+'5ta'!$R88*F$1 -> 3.9136296 | G4: =+'5ta'!$R88*G$1 -> 3.6850225 | H4: =+'5ta'!$R88*H$1 -> 3.4564154 | I4: =+'5ta'!$R88*I$1 -> 4.8478544 | ... N4: =+'5ta'!$R88*N$1 -> 16.997464
A5: B. Siempre verde andino Montano | B5: =+'5ta'!$R89*B$1 -> 37.422509 | C5: =+'5ta'!$R89*C$1 -> 37.422509 | D5: =+'5ta'!$R89*D$1 -> 37.422509 | E5: =+'5ta'!$R89*E$1 -> 37.422509 | F5: =+'5ta'!$R89*F$1 -> 37.422509 | G5: =+'5ta'!$R89*G$1 -> 35.236546 | H5: =+'5ta'!$R89*H$1 -> 33.050582 | I5: =+'5ta'!$R89*I$1 -> 46.355658 | ... N5: =+'5ta'!$R89*N$1 -> 162.53142
A6: B. Siempre verde andino Pie montano | B6: =+'5ta'!$R90*B$1 -> 15.212009 | C6: =+'5ta'!$R90*C$1 -> 15.212009 | D6: =+'5ta'!$R90*D$1 -> 15.212009 | E6: =+'5ta'!$R90*E$1 -> 15.212009 | F6: =+'5ta'!$R90*F$1 -> 15.212009 | G6: =+'5ta'!$R90*G$1 -> 14.323429 | H6: =+'5ta'!$R90*H$1 -> 13.434849 | I6: =+'5ta'!$R90*I$1 -> 18.843276 | ... N6: =+'5ta'!$R90*N$1 -> 66.067973
A7: B. Siempre verde andino de Ceja Andina | B7: =+'5ta'!$R91*B$1 -> 10.476116 | C7: =+'5ta'!$R91*C$1 -> 10.476116 | D7: =+'5ta'!$R91*D$1 -> 10.476116 | E7: =+'5ta'!$R91*E$1 -> 10.476116 | F7: =+'5ta'!$R91*F$1 -> 10.476116 | G7: =+'5ta'!$R91*G$1 -> 9.8641744 | H7: =+'5ta'!$R91*H$1 -> 9.2522323 | I7: =+'5ta'!$R91*I$1 -> 12.976876 | ... N7: =+'5ta'!$R91*N$1 -> 45.499302
A8: B. Siempre verde de tierras bajas de la Amazonía | B8: =+'5ta'!$R92*B$1 -> 76.658953 | C8: =+'5ta'!$R92*C$1 -> 76.658953 | D8: =+'5ta'!$R92*D$1 -> 76.658953 | E8: =+'5ta'!$R92*E$1 -> 76.658953 | F8: =+'5ta'!$R92*F$1 -> 76.658953 | G8: =+'5ta'!$R92*G$1 -> 72.181068 | H8: =+'5ta'!$R92*H$1 -> 67.703184 | I8: =+'5ta'!$R92*I$1 -> 94.958255 | ... N8: =+'5ta'!$R92*N$1 -> 332.94101
A9: B. Siempre verde de tierras bajas del Chocó | B9: =+'5ta'!$R93*B$1 -> 8.4932125 | C9: =+'5ta'!$R93*C$1 -> 8.4932125 | D9: =+'5ta'!$R93*D$1 -> 8.4932125 | E9: =+'5ta'!$R93*E$1 -> 8.4932125 | F9: =+'5ta'!$R93*F$1 -> 8.4932125 | G9: =+'5ta'!$R93*G$1 -> 7.9970979 | H9: =+'5ta'!$R93*H$1 -> 7.5009833 | I9: =+'5ta'!$R93*I$1 -> 10.520632 | ... N9: =+'5ta'!$R93*N$1 -> 36.887261
A10: Manglar | B10: =+'5ta'!$R94*B$1 -> 2.1093074 | C10: =+'5ta'!$R94*C$1 -> 2.1093074 | D10: =+'5ta'!$R94*D$1 -> 2.1093074 | E10: =+'5ta'!$R94*E$1 -> 2.1093074 | F10: =+'5ta'!$R94*F$1 -> 2.1093074 | G10: =+'5ta'!$R94*G$1 -> 1.9860963 | H10: =+'5ta'!$R94*H$1 -> 1.8628852 | I10: =+'5ta'!$R94*I$1 -> 2.6128214 | ... N10: =+'5ta'!$R94*N$1 -> 9.1610297
A11: Moretal | B11: =+'5ta'!$R95*B$1 -> 8.8207625 | C11: =+'5ta'!$R95*C$1 -> 8.8207625 | D11: =+'5ta'!$R95*D$1 -> 8.8207625 | E11: =+'5ta'!$R95*E$1 -> 8.8207625 | F11: =+'5ta'!$R95*F$1 -> 8.8207625 | G11: =+'5ta'!$R95*G$1 -> 8.3055147 | H11: =+'5ta'!$R95*H$1 -> 7.7902669 | I11: =+'5ta'!$R95*I$1 -> 10.926372 | ... N11: =+'5ta'!$R95*N$1 -> 38.309858
A12: Total | B12: =+SUM(B3:B11) -> 163.50727 | C12: =+SUM(C3:C11) -> 163.50727 | D12: =+SUM(D3:D11) -> 163.50727 | E12: =+SUM(E3:E11) -> 163.50727 | F12: =+SUM(F3:F11) -> 163.50727 | G12: =+SUM(G3:G11) -> 153.95631 | H12: =+SUM(H3:H11) -> 144.40535 | I12: =+SUM(I3:I11) -> 202.53819 | ... N12: =+SUM(N3:N11) -> 710.13594
A14: Cobertura
B15: 2010 | C15: 2011 | D15: 2012 | E15: 2013 | F15: 2014 | G15: 2015 | H15: 2016 | I15: 2017 | J15: 2018 | K15: 2019 | L15: 2020 | M15: 2021 | N15: 2022
A16: B. Seco Andino | B16: =+'Cambio uso de suelo (BAU)'!D65 -> 0 | C16: =+'Cambio uso de suelo (BAU)'!E65 -> 0 | D16: =+'Cambio uso de suelo (BAU)'!F65 -> 0 | E16: =+'Cambio uso de suelo (BAU)'!G65 -> 0 | F16: =+'Cambio uso de suelo (BAU)'!H65 -> 0 | G16: =+'Cambio uso de suelo (BAU)'!I65 -> 0 | H16: =+'Cambio uso de suelo (BAU)'!J65 -> 0 | I16: =+'Cambio uso de suelo (BAU)'!K65 -> 0.0051975 | ... N16: =+'Cambio uso de suelo (BAU)'!P65 -> 0 | P16: =+B16*B27 -> 0 | Q16: =+C16*C27 -> 0 | R16: =+D16*D27 -> 0 | S16: =+E16*E27 -> 0 | T16: =+F16*F27 -> 0 | U16: =+G16*G27 -> 0 | V16: =+H16*H27 -> 0 | W16: =+I16*I27 -> 0.49644261 | ... AF16: =+R16*R27 -> 0
A17: B. Seco Pluvioestacional | B17: =+'Cambio uso de suelo (BAU)'!D66 -> 0.39 | C17: =+'Cambio uso de suelo (BAU)'!E66 -> 0.39 | D17: =+'Cambio uso de suelo (BAU)'!F66 -> 0.39 | E17: =+'Cambio uso de suelo (BAU)'!G66 -> 0.39 | F17: =+'Cambio uso de suelo (BAU)'!H66 -> 0.39 | G17: =+'Cambio uso de suelo (BAU)'!I66 -> 0.2325075 | H17: =+'Cambio uso de suelo (BAU)'!J66 -> 0.075015 | I17: =+'Cambio uso de suelo (BAU)'!K66 -> 0.07524 | ... N17: =+'Cambio uso de suelo (BAU)'!P66 -> 0.80249 | P17: =+B17*B28 -> 3.9136296 | Q17: =+C17*C28 -> 3.9136296 | R17: =+D17*D28 -> 3.9136296 | S17: =+E17*E28 -> 3.9136296 | T17: =+F17*F28 -> 3.9136296 | U17: =+G17*G28 -> 3.6850225 | V17: =+H17*H28 -> 3.4564154 | W17: =+I17*I28 -> 4.8478544 | ... AF17: =+R17*R28 -> 0
A18: B. Siempre verde andino Montano | B18: =+'Cambio uso de suelo (BAU)'!D67 -> 0.042465 | C18: =+'Cambio uso de suelo (BAU)'!E67 -> 0.042465 | D18: =+'Cambio uso de suelo (BAU)'!F67 -> 0.042465 | E18: =+'Cambio uso de suelo (BAU)'!G67 -> 0.042465 | F18: =+'Cambio uso de suelo (BAU)'!H67 -> 0.042465 | G18: =+'Cambio uso de suelo (BAU)'!I67 -> 0.054825 | H18: =+'Cambio uso de suelo (BAU)'!J67 -> 0.067185 | I18: =+'Cambio uso de suelo (BAU)'!K67 -> 0.0890325 | ... N18: =+'Cambio uso de suelo (BAU)'!P67 -> 0.12344 | P18: =+B18*B29 -> 37.422509 | Q18: =+C18*C29 -> 37.422509 | R18: =+D18*D29 -> 37.422509 | S18: =+E18*E29 -> 37.422509 | T18: =+F18*F29 -> 37.422509 | U18: =+G18*G29 -> 35.236546 | V18: =+H18*H29 -> 33.050582 | W18: =+I18*I29 -> 46.355658 | ... AF18: =+R18*R29 -> 0
A19: B. Siempre verde andino Pie montano | B19: =+'Cambio uso de suelo (BAU)'!D68 -> 0.051255 | C19: =+'Cambio uso de suelo (BAU)'!E68 -> 0.051255 | D19: =+'Cambio uso de suelo (BAU)'!F68 -> 0.051255 | E19: =+'Cambio uso de suelo (BAU)'!G68 -> 0.051255 | F19: =+'Cambio uso de suelo (BAU)'!H68 -> 0.051255 | G19: =+'Cambio uso de suelo (BAU)'!I68 -> 0.04896 | H19: =+'Cambio uso de suelo (BAU)'!J68 -> 0.046665 | I19: =+'Cambio uso de suelo (BAU)'!K68 -> 0.0617175 | ... N19: =+'Cambio uso de suelo (BAU)'!P68 -> 0.13856 | P19: =+B19*B30 -> 15.212009 | Q19: =+C19*C30 -> 15.212009 | R19: =+D19*D30 -> 15.212009 | S19: =+E19*E30 -> 15.212009 | T19: =+F19*F30 -> 15.212009 | U19: =+G19*G30 -> 14.323429 | V19: =+H19*H30 -> 13.434849 | W19: =+I19*I30 -> 18.843276 | ... AF19: =+R19*R30 -> 0
A20: B. Siempre verde andino de Ceja Andina | B20: =+'Cambio uso de suelo (BAU)'!D69 -> 0.01806 | C20: =+'Cambio uso de suelo (BAU)'!E69 -> 0.01806 | D20: =+'Cambio uso de suelo (BAU)'!F69 -> 0.01806 | E20: =+'Cambio uso de suelo (BAU)'!G69 -> 0.01806 | F20: =+'Cambio uso de suelo (BAU)'!H69 -> 0.01806 | G20: =+'Cambio uso de suelo (BAU)'!I69 -> 0.0212925 | H20: =+'Cambio uso de suelo (BAU)'!J69 -> 0.024525 | I20: =+'Cambio uso de suelo (BAU)'!K69 -> 0.02817 | ... N20: =+'Cambio uso de suelo (BAU)'!P69 -> 0.00054 | P20: =+B20*B31 -> 10.476116 | Q20: =+C20*C31 -> 10.476116 | R20: =+D20*D31 -> 10.476116 | S20: =+E20*E31 -> 10.476116 | T20: =+F20*F31 -> 10.476116 | U20: =+G20*G31 -> 9.8641744 | V20: =+H20*H31 -> 9.2522323 | W20: =+I20*I31 -> 12.976876 | ... AF20: =+R20*R31 -> 0
A21: B. Siempre verde de tierras bajas de la Amazonía | B21: =+'Cambio uso de suelo (BAU)'!D70 -> 0.102555 | C21: =+'Cambio uso de suelo (BAU)'!E70 -> 0.102555 | D21: =+'Cambio uso de suelo (BAU)'!F70 -> 0.102555 | E21: =+'Cambio uso de suelo (BAU)'!G70 -> 0.102555 | F21: =+'Cambio uso de suelo (BAU)'!H70 -> 0.102555 | G21: =+'Cambio uso de suelo (BAU)'!I70 -> 0.107235 | H21: =+'Cambio uso de suelo (BAU)'!J70 -> 0.111915 | I21: =+'Cambio uso de suelo (BAU)'!K70 -> 0.1579725 | ... N21: =+'Cambio uso de suelo (BAU)'!P70 -> 0.86198 | P21: =+B21*B32 -> 76.658953 | Q21: =+C21*C32 -> 76.658953 | R21: =+D21*D32 -> 76.658953 | S21: =+E21*E32 -> 76.658953 | T21: =+F21*F32 -> 76.658953 | U21: =+G21*G32 -> 72.181068 | V21: =+H21*H32 -> 67.703184 | W21: =+I21*I32 -> 94.958255 | ... AF21: =+R21*R32 -> 0
A22: B. Siempre verde de tierras bajas del Chocó | B22: =+'Cambio uso de suelo (BAU)'!D71 -> 0.030825 | C22: =+'Cambio uso de suelo (BAU)'!E71 -> 0.030825 | D22: =+'Cambio uso de suelo (BAU)'!F71 -> 0.030825 | E22: =+'Cambio uso de suelo (BAU)'!G71 -> 0.030825 | F22: =+'Cambio uso de suelo (BAU)'!H71 -> 0.030825 | G22: =+'Cambio uso de suelo (BAU)'!I71 -> 0.02277 | H22: =+'Cambio uso de suelo (BAU)'!J71 -> 0.014715 | I22: =+'Cambio uso de suelo (BAU)'!K71 -> 0.01809 | ... N22: =+'Cambio uso de suelo (BAU)'!P71 -> 0.20156 | P22: =+B22*B33 -> 8.4932125 | Q22: =+C22*C33 -> 8.4932125 | R22: =+D22*D33 -> 8.4932125 | S22: =+E22*E33 -> 8.4932125 | T22: =+F22*F33 -> 8.4932125 | U22: =+G22*G33 -> 7.9970979 | V22: =+H22*H33 -> 7.5009833 | W22: =+I22*I33 -> 10.520632 | ... AF22: =+R22*R33 -> 0
A23: Manglar | B23: =+'Cambio uso de suelo (BAU)'!D72 -> 0.03363 | C23: =+'Cambio uso de suelo (BAU)'!E72 -> 0.03363 | D23: =+'Cambio uso de suelo (BAU)'!F72 -> 0.03363 | E23: =+'Cambio uso de suelo (BAU)'!G72 -> 0.03363 | F23: =+'Cambio uso de suelo (BAU)'!H72 -> 0.03363 | G23: =+'Cambio uso de suelo (BAU)'!I72 -> 0.0208425 | H23: =+'Cambio uso de suelo (BAU)'!J72 -> 0.008055 | I23: =+'Cambio uso de suelo (BAU)'!K72 -> 0.0116775 | ... N23: =+'Cambio uso de suelo (BAU)'!P72 -> 0.07871 | P23: =+B23*B34 -> 2.1093074 | Q23: =+C23*C34 -> 2.1093074 | R23: =+D23*D34 -> 2.1093074 | S23: =+E23*E34 -> 2.1093074 | T23: =+F23*F34 -> 2.1093074 | U23: =+G23*G34 -> 1.9860963 | V23: =+H23*H34 -> 1.8628852 | W23: =+I23*I34 -> 2.6128214 | ... AF23: =+R23*R34 -> 0
A24: Moretal | B24: =+'Cambio uso de suelo (BAU)'!D73 -> 0.00183 | C24: =+'Cambio uso de suelo (BAU)'!E73 -> 0.00183 | D24: =+'Cambio uso de suelo (BAU)'!F73 -> 0.00183 | E24: =+'Cambio uso de suelo (BAU)'!G73 -> 0.00183 | F24: =+'Cambio uso de suelo (BAU)'!H73 -> 0.00183 | G24: =+'Cambio uso de suelo (BAU)'!I73 -> 0.00258 | H24: =+'Cambio uso de suelo (BAU)'!J73 -> 0.00333 | I24: =+'Cambio uso de suelo (BAU)'!K73 -> 0.0046575 | ... N24: =+'Cambio uso de suelo (BAU)'!P73 -> 0.01323 | P24: =+B24*B35 -> 8.8207625 | Q24: =+C24*C35 -> 8.8207625 | R24: =+D24*D35 -> 8.8207625 | S24: =+E24*E35 -> 8.8207625 | T24: =+F24*F35 -> 8.8207625 | U24: =+G24*G35 -> 8.3055147 | V24: =+H24*H35 -> 7.7902669 | W24: =+I24*I35 -> 10.926372 | ... AF24: =+R24*R35 -> 0
P25: =+SUM(P16:P24) -> 163.1065 | Q25: =+SUM(Q16:Q24) -> 163.1065 | R25: =+SUM(R16:R24) -> 163.1065 | S25: =+SUM(S16:S24) -> 163.1065 | T25: =+SUM(T16:T24) -> 163.1065 | U25: =+SUM(U16:U24) -> 153.57895 | V25: =+SUM(V16:V24) -> 144.0514 | W25: =+SUM(W16:W24) -> 202.53819 | ... AF25: =+SUM(AF16:AF24) -> 0
A26: EAR | B26: 2010 | C26: 2011 | D26: 2012 | E26: 2013 | F26: 2014 | G26: 2015 | H26: 2016 | I26: 2017 | J26: 2018 | K26: 2019 | L26: 2020 | M26: 2021 | N26: 2022 | P26: =+B12-P25 -> 0.4007737 | Q26: =+C12-Q25 -> 0.4007737 | R26: =+D12-R25 -> 0.4007737 | S26: =+E12-S25 -> 0.4007737 | T26: =+F12-T25 -> 0.4007737 | U26: =+G12-U25 -> 0.37736327 | V26: =+H12-V25 -> 0.35395285 | W26: =+I12-W25 -> 0 | ... AF26: =+R12-AF25 -> 0
A27: SUPCAMCROAND | B27: 0 | C27: 0 | D27: 0 | E27: 0 | F27: 0 | G27: 0 | H27: 0 | I27: =+I3/I16 -> 95.515654 | J27: =+J3/J16 -> 61.465355 | K27: =+K3/K16 -> 317.17697 | L27: =+L3/L16 -> 317.17697 | M27: 0 | N27: 0
A28: SUPCAMCROPLU | B28: =+B4/B17 -> 10.034948 | C28: =+C4/C17 -> 10.034948 | D28: =+D4/D17 -> 10.034948 | E28: =+E4/E17 -> 10.034948 | F28: =+F4/F17 -> 10.034948 | G28: =+G4/G17 -> 15.849048 | H28: =+H4/H17 -> 46.076324 | I28: =+I4/I17 -> 64.431876 | ... N28: =+N4/N17 -> 21.180905
A29: SUPCAMCROMON | B29: =+B5/B18 -> 881.25537 | C29: =+C5/C18 -> 881.25537 | D29: =+D5/D18 -> 881.25537 | E29: =+E5/E18 -> 881.25537 | F29: =+F5/F18 -> 881.25537 | G29: =+G5/G18 -> 642.70945 | H29: =+H5/H18 -> 491.93395 | I29: =+I5/I18 -> 520.65996 | ... N29: =+N5/N18 -> 1316.6835
A30: SUPCAMCROPIE | B30: =+B6/B19 -> 296.79073 | C30: =+C6/C19 -> 296.79073 | D30: =+D6/D19 -> 296.79073 | E30: =+E6/E19 -> 296.79073 | F30: =+F6/F19 -> 296.79073 | G30: =+G6/G19 -> 292.55369 | H30: =+H6/H19 -> 287.89989 | I30: =+I6/I19 -> 305.31496 | ... N30: =+N6/N19 -> 476.81851
A31: SUPCAMCROCEJ | B31: =+B7/B20 -> 580.0729 | C31: =+C7/C20 -> 580.0729 | D31: =+D7/D20 -> 580.0729 | E31: =+E7/E20 -> 580.0729 | F31: =+F7/F20 -> 580.0729 | G31: =+G7/G20 -> 463.2699 | H31: =+H7/H20 -> 377.25718 | I31: =+I7/I20 -> 460.66298 | ... N31: =+N7/N20 -> 84257.967
A32: SUPCAMCROAMA | B32: =+B8/B21 -> 747.49113 | C32: =+C8/C21 -> 747.49113 | D32: =+D8/D21 -> 747.49113 | E32: =+E8/E21 -> 747.49113 | F32: =+F8/F21 -> 747.49113 | G32: =+G8/G21 -> 673.11109 | H32: =+H8/H21 -> 604.95183 | I32: =+I8/I21 -> 601.10623 | ... N32: =+N8/N21 -> 386.25144
A33: SUPCAMCROCHO | B33: =+B9/B22 -> 275.53001 | C33: =+C9/C22 -> 275.53001 | D33: =+D9/D22 -> 275.53001 | E33: =+E9/E22 -> 275.53001 | F33: =+F9/F22 -> 275.53001 | G33: =+G9/G22 -> 351.21203 | H33: =+H9/H22 -> 509.75082 | I33: =+I9/I22 -> 581.5717 | ... N33: =+N9/N22 -> 183.00883
A34: SUPCAMCROMAN | B34: =+B10/B23 -> 62.721005 | C34: =+C10/C23 -> 62.721005 | D34: =+D10/D23 -> 62.721005 | E34: =+E10/E23 -> 62.721005 | F34: =+F10/F23 -> 62.721005 | G34: =+G10/G23 -> 95.290694 | H34: =+H10/H23 -> 231.27066 | I34: =+I10/I23 -> 223.74835 | ... N34: =+N10/N23 -> 116.38965
A35: SUPCAMCROMOR | B35: =+B11/B24 -> 4820.0888 | C35: =+C11/C24 -> 4820.0888 | D35: =+D11/D24 -> 4820.0888 | E35: =+E11/E24 -> 4820.0888 | F35: =+F11/F24 -> 4820.0888 | G35: =+G11/G24 -> 3219.1917 | H35: =+H11/H24 -> 2339.4195 | I35: =+I11/I24 -> 2345.9735 | ... N35: =+N11/N24 -> 2895.6809
A38: CROP a ASE
B39: 2010 | C39: 2011 | D39: 2012 | E39: 2013 | F39: 2014 | G39: 2015 | H39: 2016 | I39: 2017 | J39: 2018 | K39: 2019 | L39: 2020 | M39: 2021 | N39: 2022
A40: Emisiones(miles de tonCO2e) | B40: =+INGEI_diffs!C33/1000 -> 350.76868 | C40: =+INGEI_diffs!D33/1000 -> 350.76868 | D40: =+INGEI_diffs!E33/1000 -> 350.76868 | E40: =+INGEI_diffs!F33/1000 -> 350.76868 | F40: =+INGEI_diffs!G33/1000 -> 350.76868 | G40: =+INGEI_diffs!H33/1000 -> 217.36673 | H40: =+INGEI_diffs!I33/1000 -> 83.964781 | I40: =+INGEI_diffs!J33/1000 -> 299.2752 | ... N40: =+INGEI_diffs!O33/1000 -> 434.18952
B42: 2010 | C42: 2011 | D42: 2012 | E42: 2013 | F42: 2014 | G42: 2015 | H42: 2016 | I42: 2017 | J42: 2018 | K42: 2019 | L42: 2020 | M42: 2021 | N42: 2022
A43: Cobertura | B43: =+'Cambio uso de suelo (BAU)'!D75 -> 9.69242 | C43: =+'Cambio uso de suelo (BAU)'!E75 -> 9.69242 | D43: =+'Cambio uso de suelo (BAU)'!F75 -> 9.69242 | E43: =+'Cambio uso de suelo (BAU)'!G75 -> 9.69242 | F43: =+'Cambio uso de suelo (BAU)'!H75 -> 9.69242 | G43: =+'Cambio uso de suelo (BAU)'!I75 -> 6.006265 | H43: =+'Cambio uso de suelo (BAU)'!J75 -> 2.32011 | I43: =+'Cambio uso de suelo (BAU)'!K75 -> 8.269555 | ... N43: =+'Cambio uso de suelo (BAU)'!P75 -> 11.9975
A45: EAR | B45: 2010 | C45: 2011 | D45: 2012 | E45: 2013 | F45: 2014 | G45: 2015 | H45: 2016 | I45: 2017 | J45: 2018 | K45: 2019 | L45: 2020 | M45: 2021 | N45: 2022
A46: SUPCAMCROASE | B46: =+B40/B43 -> 36.19 | C46: =+C40/C43 -> 36.19 | D46: =+D40/D43 -> 36.19 | E46: =+E40/E43 -> 36.19 | F46: =+F40/F43 -> 36.19 | G46: =+G40/G43 -> 36.19 | H46: =+H40/H43 -> 36.19 | I46: =+I40/I43 -> 36.19 | ... N46: =+N40/N43 -> 36.19 | O46: =+AVERAGE(B46:N46) -> 36.19
A48: PAS a ASE
B49: 2010 | C49: 2011 | D49: 2012 | E49: 2013 | F49: 2014 | G49: 2015 | H49: 2016 | I49: 2017 | J49: 2018 | K49: 2019 | L49: 2020 | M49: 2021 | N49: 2022
A50: Emisiones(miles de tonCO2e) | B50: =+INGEI_diffs!C34/1000 -> 4.2367116 | C50: =+INGEI_diffs!D34/1000 -> 4.2367116 | D50: =+INGEI_diffs!E34/1000 -> 4.2367116 | E50: =+INGEI_diffs!F34/1000 -> 4.2367116 | F50: =+INGEI_diffs!G34/1000 -> 4.2367116 | G50: =+INGEI_diffs!H34/1000 -> 3.3217939 | H50: =+INGEI_diffs!I34/1000 -> 2.4068763 | I50: =+INGEI_diffs!J34/1000 -> 2.1701937 | ... N50: =+INGEI_diffs!O34/1000 -> 13.344184
B52: 2010 | C52: 2011 | D52: 2012 | E52: 2013 | F52: 2014 | G52: 2015 | H52: 2016 | I52: 2017 | J52: 2018 | K52: 2019 | L52: 2020 | M52: 2021 | N52: 2022
A53: Cobertura | B53: =+'Cambio uso de suelo (BAU)'!D76 -> 0.61461 | C53: =+'Cambio uso de suelo (BAU)'!E76 -> 0.61461 | D53: =+'Cambio uso de suelo (BAU)'!F76 -> 0.61461 | E53: =+'Cambio uso de suelo (BAU)'!G76 -> 0.61461 | F53: =+'Cambio uso de suelo (BAU)'!H76 -> 0.61461 | G53: =+'Cambio uso de suelo (BAU)'!I76 -> 0.481885 | H53: =+'Cambio uso de suelo (BAU)'!J76 -> 0.34916 | I53: =+'Cambio uso de suelo (BAU)'!K76 -> 0.314825 | ... N53: =+'Cambio uso de suelo (BAU)'!P76 -> 1.93581
A55: EAR | B55: 2010 | C55: 2011 | D55: 2012 | E55: 2013 | F55: 2014 | G55: 2015 | H55: 2016 | I55: 2017 | J55: 2018 | K55: 2019 | L55: 2020 | M55: 2021 | N55: 2022
A56: SUPCAMCROASE | B56: =+B50/B53 -> 6.8933333 | C56: =+C50/C53 -> 6.8933333 | D56: =+D50/D53 -> 6.8933333 | E56: =+E50/E53 -> 6.8933333 | F56: =+F50/F53 -> 6.8933333 | G56: =+G50/G53 -> 6.8933333 | H56: =+H50/H53 -> 6.8933333 | I56: =+I50/I53 -> 6.8933333 | ... N56: =+N50/N53 -> 6.8933333
B58: =+B50+B40+B12 -> 518.51266 | C58: =+C50+C40+C12 -> 518.51266 | D58: =+D50+D40+D12 -> 518.51266 | E58: =+E50+E40+E12 -> 518.51266 | F58: =+F50+F40+F12 -> 518.51266 | G58: =+G50+G40+G12 -> 374.64484 | H58: =+H50+H40+H12 -> 230.77701 | I58: =+I50+I40+I12 -> 503.98358 | ... N58: =+N50+N40+N12 -> 1157.6696
B59: 517.72893 | C59: 517.72893 | D59: 517.72893 | E59: 517.72893 | F59: 517.72893 | G59: 372.93418 | H59: 228.13943 | I59: 499.30422 | J59: 770.46901 | K59: 1087.5243 | L59: 1087.5243 | M59: 1157.2515 | N59: 1157.2515
A62: PFO ASE
B63: 2010 | C63: 2011 | D63: 2012 | E63: 2013 | F63: 2014 | G63: 2015 | H63: 2016 | I63: 2017 | J63: 2018 | K63: 2019 | L63: 2020 | M63: 2021 | N63: 2022
A64: Emisiones(miles de tonCO2e) | B64: =+INGEI_diffs!C48/1000 -> 2.011 | C64: =+INGEI_diffs!D48/1000 -> 2.012 | D64: =+INGEI_diffs!E48/1000 -> 2.013 | E64: =+INGEI_diffs!F48/1000 -> 2.014 | F64: =+INGEI_diffs!G48/1000 -> 2.015 | G64: =+INGEI_diffs!H48/1000 -> 2.016 | H64: =+INGEI_diffs!I48/1000 -> 2.017 | I64: =+INGEI_diffs!J48/1000 -> 2.018 | ... N64: =+INGEI_diffs!O48/1000 -> 0
B66: 2010 | C66: 2011 | D66: 2012 | E66: 2013 | F66: 2014 | G66: 2015 | H66: 2016 | I66: 2017 | J66: 2018 | K66: 2019 | L66: 2020 | M66: 2021 | N66: 2022
A67: Cobertura | B67: =+'Cambio uso de suelo (BAU)'!D90 -> 3.381825 | C67: =+'Cambio uso de suelo (BAU)'!E90 -> 3.381825 | D67: =+'Cambio uso de suelo (BAU)'!F90 -> 3.381825 | E67: =+'Cambio uso de suelo (BAU)'!G90 -> 3.381825 | F67: =+'Cambio uso de suelo (BAU)'!H90 -> 3.381825 | G67: =+'Cambio uso de suelo (BAU)'!I90 -> 2.758695 | H67: =+'Cambio uso de suelo (BAU)'!J90 -> 2.135565 | I67: =+'Cambio uso de suelo (BAU)'!K90 -> 3.7257825 | ... N67: =+'Cambio uso de suelo (BAU)'!P90 -> 2.34311
A69: EAR | B69: 2010 | C69: 2011 | D69: 2012 | E69: 2013 | F69: 2014 | G69: 2015 | H69: 2016 | I69: 2017 | J69: 2018 | K69: 2019 | L69: 2020 | M69: 2021 | N69: 2022
A70: SUPCAMCROASE | B70: =+B64/B67 -> 0.59464934 | C70: =+C64/C67 -> 0.59494504 | D70: =+D64/D67 -> 0.59524074 | E70: =+E64/E67 -> 0.59553643 | F70: =+F64/F67 -> 0.59583213 | G70: =+G64/G67 -> 0.73078031 | H70: =+H64/H67 -> 0.94448073 | I70: =+I64/I67 -> 0.54163119 | ... N70: =+N64/N67 -> 0

Sheet Emisiones humedales
A1: FOR a HUM | B1: =+INGEI_diffs!C25/1000 -> 257.83016 | C1: =+INGEI_diffs!D25/1000 -> 257.83016 | D1: =+INGEI_diffs!E25/1000 -> 257.83016 | E1: =+INGEI_diffs!F25/1000 -> 257.83016 | F1: =+INGEI_diffs!G25/1000 -> 257.83016 | G1: =+INGEI_diffs!H25/1000 -> 317.09799 | H1: =+INGEI_diffs!I25/1000 -> 376.36583 | I1: =+INGEI_diffs!J25/1000 -> 359.78013 | ... N1: =+INGEI_diffs!O25/1000 -> 3822.7734
A2: Emisiones(miles de tonCO2e) | B2: 2010 | C2: 2011 | D2: 2012 | E2: 2013 | F2: 2014 | G2: 2015 | H2: 2016 | I2: 2017 | J2: 2018 | K2: 2019 | L2: 2020 | M2: 2021 | N2: 2022
A3: B. Seco Andino | B3: =+'5ta'!$R87*B$1 -> 0.6319691 | C3: =+'5ta'!$R87*C$1 -> 0.6319691 | D3: =+'5ta'!$R87*D$1 -> 0.6319691 | E3: =+'5ta'!$R87*E$1 -> 0.6319691 | F3: =+'5ta'!$R87*F$1 -> 0.6319691 | G3: =+'5ta'!$R87*G$1 -> 0.77724087 | H3: =+'5ta'!$R87*H$1 -> 0.92251263 | I3: =+'5ta'!$R87*I$1 -> 0.88185932 | ... N3: =+'5ta'!$R87*N$1 -> 9.3700238
A4: B. Seco Pluvioestacional | B4: =+'5ta'!$R88*B$1 -> 6.1712958 | C4: =+'5ta'!$R88*C$1 -> 6.1712958 | D4: =+'5ta'!$R88*D$1 -> 6.1712958 | E4: =+'5ta'!$R88*E$1 -> 6.1712958 | F4: =+'5ta'!$R88*F$1 -> 6.1712958 | G4: =+'5ta'!$R88*G$1 -> 7.5899015 | H4: =+'5ta'!$R88*H$1 -> 9.0085073 | I4: =+'5ta'!$R88*I$1 -> 8.6115202 | ... N4: =+'5ta'!$R88*N$1 -> 91.500024
A5: B. Siempre verde andino Montano | B5: =+'5ta'!$R89*B$1 -> 59.010534 | C5: =+'5ta'!$R89*C$1 -> 59.010534 | D5: =+'5ta'!$R89*D$1 -> 59.010534 | E5: =+'5ta'!$R89*E$1 -> 59.010534 | F5: =+'5ta'!$R89*F$1 -> 59.010534 | G5: =+'5ta'!$R89*G$1 -> 72.575381 | H5: =+'5ta'!$R89*H$1 -> 86.140228 | I5: =+'5ta'!$R89*I$1 -> 82.344198 | ... N5: =+'5ta'!$R89*N$1 -> 874.93218
A6: B. Siempre verde andino Pie montano | B6: =+'5ta'!$R90*B$1 -> 23.987401 | C6: =+'5ta'!$R90*C$1 -> 23.987401 | D6: =+'5ta'!$R90*D$1 -> 23.987401 | E6: =+'5ta'!$R90*E$1 -> 23.987401 | F6: =+'5ta'!$R90*F$1 -> 23.987401 | G6: =+'5ta'!$R90*G$1 -> 29.501424 | H6: =+'5ta'!$R90*H$1 -> 35.015447 | I6: =+'5ta'!$R90*I$1 -> 33.472386 | ... N6: =+'5ta'!$R90*N$1 -> 355.65429
A7: B. Siempre verde andino de Ceja Andina | B7: =+'5ta'!$R91*B$1 -> 16.519502 | C7: =+'5ta'!$R91*C$1 -> 16.519502 | D7: =+'5ta'!$R91*D$1 -> 16.519502 | E7: =+'5ta'!$R91*E$1 -> 16.519502 | F7: =+'5ta'!$R91*F$1 -> 16.519502 | G7: =+'5ta'!$R91*G$1 -> 20.316867 | H7: =+'5ta'!$R91*H$1 -> 24.114232 | I7: =+'5ta'!$R91*I$1 -> 23.051565 | ... N7: =+'5ta'!$R91*N$1 -> 244.9299
A8: B. Siempre verde de tierras bajas de la Amazonía | B8: =+'5ta'!$R92*B$1 -> 120.88141 | C8: =+'5ta'!$R92*C$1 -> 120.88141 | D8: =+'5ta'!$R92*D$1 -> 120.88141 | E8: =+'5ta'!$R92*E$1 -> 120.88141 | F8: =+'5ta'!$R92*F$1 -> 120.88141 | G8: =+'5ta'!$R92*G$1 -> 148.66862 | H8: =+'5ta'!$R92*H$1 -> 176.45582 | I8: =+'5ta'!$R92*I$1 -> 168.67976 | ... N8: =+'5ta'!$R92*N$1 -> 1792.2738
A9: B. Siempre verde de tierras bajas del Chocó | B9: =+'5ta'!$R93*B$1 -> 13.392715 | C9: =+'5ta'!$R93*C$1 -> 13.392715 | D9: =+'5ta'!$R93*D$1 -> 13.392715 | E9: =+'5ta'!$R93*E$1 -> 13.392715 | F9: =+'5ta'!$R93*F$1 -> 13.392715 | G9: =+'5ta'!$R93*G$1 -> 16.47132 | H9: =+'5ta'!$R93*H$1 -> 19.549925 | I9: =+'5ta'!$R93*I$1 -> 18.688399 | ... N9: =+'5ta'!$R93*N$1 -> 198.56993
A10: Manglar | B10: =+'5ta'!$R94*B$1 -> 3.3261093 | C10: =+'5ta'!$R94*C$1 -> 3.3261093 | D10: =+'5ta'!$R94*D$1 -> 3.3261093 | E10: =+'5ta'!$R94*E$1 -> 3.3261093 | F10: =+'5ta'!$R94*F$1 -> 3.3261093 | G10: =+'5ta'!$R94*G$1 -> 4.0906874 | H10: =+'5ta'!$R94*H$1 -> 4.8552655 | I10: =+'5ta'!$R94*I$1 -> 4.6413036 | ... N10: =+'5ta'!$R94*N$1 -> 49.315264
A11: Moretal | B11: =+'5ta'!$R95*B$1 -> 13.90922 | C11: =+'5ta'!$R95*C$1 -> 13.90922 | D11: =+'5ta'!$R95*D$1 -> 13.90922 | E11: =+'5ta'!$R95*E$1 -> 13.90922 | F11: =+'5ta'!$R95*F$1 -> 13.90922 | G11: =+'5ta'!$R95*G$1 -> 17.106555 | H11: =+'5ta'!$R95*H$1 -> 20.303889 | I11: =+'5ta'!$R95*I$1 -> 19.409137 | ... N11: =+'5ta'!$R95*N$1 -> 206.22799
A12: Total | B12: =+SUM(B3:B11) -> 257.83016 | C12: =+SUM(C3:C11) -> 257.83016 | D12: =+SUM(D3:D11) -> 257.83016 | E12: =+SUM(E3:E11) -> 257.83016 | F12: =+SUM(F3:F11) -> 257.83016 | G12: =+SUM(G3:G11) -> 317.09799 | H12: =+SUM(H3:H11) -> 376.36583 | I12: =+SUM(I3:I11) -> 359.78013 | ... N12: =+SUM(N3:N11) -> 3822.7734
A14: Cobertura
B15: 2010 | C15: 2011 | D15: 2012 | E15: 2013 | F15: 2014 | G15: 2015 | H15: 2016 | I15: 2017 | J15: 2018 | K15: 2019 | L15: 2020 | M15: 2021 | N15: 2022
A16: B. Seco Andino | B16: =+'Cambio uso de suelo (BAU)'!D51 -> 0 | C16: =+'Cambio uso de suelo (BAU)'!E51 -> 0 | D16: =+'Cambio uso de suelo (BAU)'!F51 -> 0 | E16: =+'Cambio uso de suelo (BAU)'!G51 -> 0 | F16: =+'Cambio uso de suelo (BAU)'!H51 -> 0 | G16: =+'Cambio uso de suelo (BAU)'!I51 -> 0 | H16: =+'Cambio uso de suelo (BAU)'!J51 -> 0 | I16: =+'Cambio uso de suelo (BAU)'!K51 -> 0 | ... N16: =+'Cambio uso de suelo (BAU)'!P51 -> 0.009135
A17: B. Seco Pluvioestacional | B17: =+'Cambio uso de suelo (BAU)'!D52 -> 0.1854 | C17: =+'Cambio uso de suelo (BAU)'!E52 -> 0.1854 | D17: =+'Cambio uso de suelo (BAU)'!F52 -> 0.1854 | E17: =+'Cambio uso de suelo (BAU)'!G52 -> 0.1854 | F17: =+'Cambio uso de suelo (BAU)'!H52 -> 0.1854 | G17: =+'Cambio uso de suelo (BAU)'!I52 -> 0.1905075 | H17: =+'Cambio uso de suelo (BAU)'!J52 -> 0.195615 | I17: =+'Cambio uso de suelo (BAU)'!K52 -> 0.1334925 | ... N17: =+'Cambio uso de suelo (BAU)'!P52 -> 0.02034
A18: B. Siempre verde andino Montano | B18: =+'Cambio uso de suelo (BAU)'!D53 -> 0 | C18: =+'Cambio uso de suelo (BAU)'!E53 -> 0 | D18: =+'Cambio uso de suelo (BAU)'!F53 -> 0 | E18: =+'Cambio uso de suelo (BAU)'!G53 -> 0 | F18: =+'Cambio uso de suelo (BAU)'!H53 -> 0 | G18: =+'Cambio uso de suelo (BAU)'!I53 -> 0 | H18: =+'Cambio uso de suelo (BAU)'!J53 -> 0 | I18: =+'Cambio uso de suelo (BAU)'!K53 -> 0.0005625 | ... N18: =+'Cambio uso de suelo (BAU)'!P53 -> 0.460125
A19: B. Siempre verde andino Pie montano | B19: =+'Cambio uso de suelo (BAU)'!D54 -> 0 | C19: =+'Cambio uso de suelo (BAU)'!E54 -> 0 | D19: =+'Cambio uso de suelo (BAU)'!F54 -> 0 | E19: =+'Cambio uso de suelo (BAU)'!G54 -> 0 | F19: =+'Cambio uso de suelo (BAU)'!H54 -> 0 | G19: =+'Cambio uso de suelo (BAU)'!I54 -> 0 | H19: =+'Cambio uso de suelo (BAU)'!J54 -> 0 | I19: =+'Cambio uso de suelo (BAU)'!K54 -> 0.002295 | ... N19: =+'Cambio uso de suelo (BAU)'!P54 -> 0.950445
A20: B. Siempre verde andino de Ceja Andina | B20: =+'Cambio uso de suelo (BAU)'!D55 -> 0 | C20: =+'Cambio uso de suelo (BAU)'!E55 -> 0 | D20: =+'Cambio uso de suelo (BAU)'!F55 -> 0 | E20: =+'Cambio uso de suelo (BAU)'!G55 -> 0 | F20: =+'Cambio uso de suelo (BAU)'!H55 -> 0 | G20: =+'Cambio uso de suelo (BAU)'!I55 -> 0 | H20: =+'Cambio uso de suelo (BAU)'!J55 -> 0 | I20: =+'Cambio uso de suelo (BAU)'!K55 -> 0 | ... N20: =+'Cambio uso de suelo (BAU)'!P55 -> 0.02556
A21: B. Siempre verde de tierras bajas de la Amazonía | B21: =+'Cambio uso de suelo (BAU)'!D56 -> 0 | C21: =+'Cambio uso de suelo (BAU)'!E56 -> 0 | D21: =+'Cambio uso de suelo (BAU)'!F56 -> 0 | E21: =+'Cambio uso de suelo (BAU)'!G56 -> 0 | F21: =+'Cambio uso de suelo (BAU)'!H56 -> 0 | G21: =+'Cambio uso de suelo (BAU)'!I56 -> 0 | H21: =+'Cambio uso de suelo (BAU)'!J56 -> 0 | I21: =+'Cambio uso de suelo (BAU)'!K56 -> 0 | ... N21: =+'Cambio uso de suelo (BAU)'!P56 -> 5.17995
A22: B. Siempre verde de tierras bajas del Chocó | B22: =+'Cambio uso de suelo (BAU)'!D57 -> 0.023205 | C22: =+'Cambio uso de suelo (BAU)'!E57 -> 0.023205 | D22: =+'Cambio uso de suelo (BAU)'!F57 -> 0.023205 | E22: =+'Cambio uso de suelo (BAU)'!G57 -> 0.023205 | F22: =+'Cambio uso de suelo (BAU)'!H57 -> 0.023205 | G22: =+'Cambio uso de suelo (BAU)'!I57 -> 0.05352 | H22: =+'Cambio uso de suelo (BAU)'!J57 -> 0.083835 | I22: =+'Cambio uso de suelo (BAU)'!K57 -> 0.0616275 | ... N22: =+'Cambio uso de suelo (BAU)'!P57 -> 0.0693
A23: Manglar | B23: =+'Cambio uso de suelo (BAU)'!D58 -> 0.70914 | C23: =+'Cambio uso de suelo (BAU)'!E58 -> 0.70914 | D23: =+'Cambio uso de suelo (BAU)'!F58 -> 0.70914 | E23: =+'Cambio uso de suelo (BAU)'!G58 -> 0.70914 | F23: =+'Cambio uso de suelo (BAU)'!H58 -> 0.70914 | G23: =+'Cambio uso de suelo (BAU)'!I58 -> 0.80934 | H23: =+'Cambio uso de suelo (BAU)'!J58 -> 0.90954 | I23: =+'Cambio uso de suelo (BAU)'!K58 -> 0.94743 | ... N23: =+'Cambio uso de suelo (BAU)'!P58 -> 0.04815
A24: Moretal | B24: =+'Cambio uso de suelo (BAU)'!D59 -> 0 | C24: =+'Cambio uso de suelo (BAU)'!E59 -> 0 | D24: =+'Cambio uso de suelo (BAU)'!F59 -> 0 | E24: =+'Cambio uso de suelo (BAU)'!G59 -> 0 | F24: =+'Cambio uso de suelo (BAU)'!H59 -> 0 | G24: =+'Cambio uso de suelo (BAU)'!I59 -> 0 | H24: =+'Cambio uso de suelo (BAU)'!J59 -> 0 | I24: =+'Cambio uso de suelo (BAU)'!K59 -> 0 | ... N24: =+'Cambio uso de suelo (BAU)'!P59 -> 0.23463
A26: EAR | B26: 2010 | C26: 2011 | D26: 2012 | E26: 2013 | F26: 2014 | G26: 2015 | H26: 2016 | I26: 2017 | J26: 2018 | K26: 2019 | L26: 2020 | M26: 2021 | N26: 2022 | W26: 2017 | X26: 2018 | Y26: 2019 | Z26: 2020 | AA26: 2021 | AB26: 2022
A27: SUPCAMANDHUM | B27: 0 | C27: 0 | D27: 0 | E27: 0 | F27: 0 | G27: 0 | H27: 0 | I27: 0 | J27: 0 | K27: =+K3/K16 -> 115.07897 | L27: =+L3/L16 -> 115.07897 | M27: 0 | N27: =+N3/N16 -> 1025.7278 | P27: =+B27*B16 -> 0 | Q27: =+C27*C16 -> 0 | R27: =+D27*D16 -> 0 | S27: =+E27*E16 -> 0 | T27: =+F27*F16 -> 0 | U27: =+G27*G16 -> 0 | V27: =+H27*H16 -> 0 | W27: =+I27*I16 -> 0 | ... AB27: =+N27*N16 -> 9.3700238
A28: SUPCAMPLUHUM | B28: =+B4/B17 -> 33.286385 | C28: =+C4/C17 -> 33.286385 | D28: =+D4/D17 -> 33.286385 | E28: =+E4/E17 -> 33.286385 | F28: =+F4/F17 -> 33.286385 | G28: =+G4/G17 -> 39.840434 | H28: =+H4/H17 -> 46.052232 | I28: =+I4/I17 -> 64.509393 | ... N28: =+N4/N17 -> 4498.5262 | P28: =+B28*B17 -> 6.1712958 | Q28: =+C28*C17 -> 6.1712958 | R28: =+D28*D17 -> 6.1712958 | S28: =+E28*E17 -> 6.1712958 | T28: =+F28*F17 -> 6.1712958 | U28: =+G28*G17 -> 7.5899015 | V28: =+H28*H17 -> 9.0085073 | W28: =+I28*I17 -> 8.6115202 | ... AB28: =+N28*N17 -> 91.500024
A29: SUPCAMMONHUM | B29: 0 | C29: 0 | D29: 0 | E29: 0 | F29: 0 | G29: 0 | H29: 0 | I29: =+I5/I18 -> 146389.69 | J29: =+J5/J18 -> 69820.594 | K29: =+K5/K18 -> 838.42819 | L29: =+L5/L18 -> 838.42819 | M29: =+M5/M18 -> 1901.5098 | N29: =+N5/N18 -> 1901.5098 | P29: =+B29*B18 -> 0 | Q29: =+C29*C18 -> 0 | R29: =+D29*D18 -> 0 | S29: =+E29*E18 -> 0 | T29: =+F29*F18 -> 0 | U29: =+G29*G18 -> 0 | V29: =+H29*H18 -> 0 | W29: =+I29*I18 -> 82.344198 | ... AB29: =+N29*N18 -> 874.93218
A30: SUPCAMPIEHUM | B30: 0 | C30: 0 | D30: 0 | E30: 0 | F30: 0 | G30: 0 | H30: 0 | I30: =+I6/I19 -> 14584.917 | J30: =+J6/J19 -> 6956.2798 | K30: =+K6/K19 -> 1050.7525 | L30: =+L6/L19 -> 1050.7525 | M30: =+M6/M19 -> 374.19765 | N30: =+N6/N19 -> 374.19765 | P30: =+B30*B19 -> 0 | Q30: =+C30*C19 -> 0 | R30: =+D30*D19 -> 0 | S30: =+E30*E19 -> 0 | T30: =+F30*F19 -> 0 | U30: =+G30*G19 -> 0 | V30: =+H30*H19 -> 0 | W30: =+I30*I19 -> 33.472386 | ... AB30: =+N30*N19 -> 355.65429
A31: SUPCAMCEJHUM | B31: 0 | C31: 0 | D31: 0 | E31: 0 | F31: 0 | G31: 0 | H31: 0 | I31: 0 | J31: 0 | K31: =+K7/K20 -> 3133.9071 | L31: =+L7/L20 -> 3133.9071 | M31: =+M7/M20 -> 9582.5469 | N31: =+N7/N20 -> 9582.5469 | P31: =+B31*B20 -> 0 | Q31: =+C31*C20 -> 0 | R31: =+D31*D20 -> 0 | S31: =+E31*E20 -> 0 | T31: =+F31*F20 -> 0 | U31: =+G31*G20 -> 0 | V31: =+H31*H20 -> 0 | W31: =+I31*I20 -> 0 | ... AB31: =+N31*N20 -> 244.9299
A32: SUPCAMAMAHUM | B32: 0 | C32: 0 | D32: 0 | E32: 0 | F32: 0 | G32: 0 | H32: 0 | I32: 0 | J32: 0 | K32: =+K8/K21 -> 412.90017 | L32: =+L8/L21 -> 412.90017 | M32: =+M8/M21 -> 346.00215 | N32: =+N8/N21 -> 346.00215 | P32: =+B32*B21 -> 0 | Q32: =+C32*C21 -> 0 | R32: =+D32*D21 -> 0 | S32: =+E32*E21 -> 0 | T32: =+F32*F21 -> 0 | U32: =+G32*G21 -> 0 | V32: =+H32*H21 -> 0 | W32: =+I32*I21 -> 0 | ... AB32: =+N32*N21 -> 1792.2738
A33: SUPCAMCHOHUM | B33: =+B9/B22 -> 577.14781 | C33: =+C9/C22 -> 577.14781 | D33: =+D9/D22 -> 577.14781 | E33: =+E9/E22 -> 577.14781 | F33: =+F9/F22 -> 577.14781 | G33: =+G9/G22 -> 307.76009 | H33: =+H9/H22 -> 233.19527 | I33: =+I9/I22 -> 303.24772 | ... N33: =+N9/N22 -> 2865.3669 | P33: =+B33*B22 -> 13.392715 | Q33: =+C33*C22 -> 13.392715 | R33: =+D33*D22 -> 13.392715 | S33: =+E33*E22 -> 13.392715 | T33: =+F33*F22 -> 13.392715 | U33: =+G33*G22 -> 16.47132 | V33: =+H33*H22 -> 19.549925 | W33: =+I33*I22 -> 18.688399 | ... AB33: =+N33*N22 -> 198.56993
A34: SUPCAMMANHUM | B34: =+B10/B23 -> 4.6903422 | C34: =+C10/C23 -> 4.6903422 | D34: =+D10/D23 -> 4.6903422 | E34: =+E10/E23 -> 4.6903422 | F34: =+F10/F23 -> 4.6903422 | G34: =+G10/G23 -> 5.0543497 | H34: =+H10/H23 -> 5.338155 | I34: =+I10/I23 -> 4.8988354 | ... N34: =+N10/N23 -> 1024.2007 | P34: =+B34*B23 -> 3.3261093 | Q34: =+C34*C23 -> 3.3261093 | R34: =+D34*D23 -> 3.3261093 | S34: =+E34*E23 -> 3.3261093 | T34: =+F34*F23 -> 3.3261093 | U34: =+G34*G23 -> 4.0906874 | V34: =+H34*H23 -> 4.8552655 | W34: =+I34*I23 -> 4.6413036 | ... AB34: =+N34*N23 -> 49.315264
A35: SUPCAMMORHUM | B35: 0 | C35: 0 | D35: 0 | E35: 0 | F35: 0 | G35: 0 | H35: 0 | I35: 0 | J35: 0 | K35: =+K11/K24 -> 261.44621 | L35: =+L11/L24 -> 261.44621 | M35: =+M11/M24 -> 878.9498 | N35: =+N11/N24 -> 878.9498 | P35: =+B35*B24 -> 0 | Q35: =+C35*C24 -> 0 | R35: =+D35*D24 -> 0 | S35: =+E35*E24 -> 0 | T35: =+F35*F24 -> 0 | U35: =+G35*G24 -> 0 | V35: =+H35*H24 -> 0 | W35: =+I35*I24 -> 0 | ... AB35: =+N35*N24 -> 206.22799
P36: =+SUM(P27:P35) -> 22.89012 | Q36: =+SUM(Q27:Q35) -> 22.89012 | R36: =+SUM(R27:R35) -> 22.89012 | S36: =+SUM(S27:S35) -> 22.89012 | T36: =+SUM(T27:T35) -> 22.89012 | U36: =+SUM(U27:U35) -> 28.151909 | V36: =+SUM(V27:V35) -> 33.413698 | W36: =+SUM(W27:W35) -> 147.75781 | ... AB36: =+SUM(AB27:AB35) -> 3822.7734
P37: =+B12-SUM(P27:P35) -> 234.94004 | Q37: =+C12-SUM(Q27:Q35) -> 234.94004 | R37: =+D12-SUM(R27:R35) -> 234.94004 | S37: =+E12-SUM(S27:S35) -> 234.94004 | T37: =+F12-SUM(T27:T35) -> 234.94004 | U37: =+G12-SUM(U27:U35) -> 288.94608 | V37: =+H12-SUM(V27:V35) -> 342.95213 | W37: =+I12-SUM(W27:W35) -> 212.02232 | ... AB37: =+N12-SUM(AB27:AB35) -> 0
A38: PFO a HUM | W38: =567+6 -> 573
B39: 2010 | C39: 2011 | D39: 2012 | E39: 2013 | F39: 2014 | G39: 2015 | H39: 2016 | I39: 2017 | J39: 2018 | K39: 2019 | L39: 2020 | M39: 2021 | N39: 2022
A40: Emisiones(miles de tonCO2e) | B40: =+P37 -> 234.94004 | C40: =+Q37 -> 234.94004 | D40: =+R37 -> 234.94004 | E40: =+S37 -> 234.94004 | F40: =+T37 -> 234.94004 | G40: =+U37 -> 288.94608 | H40: =+V37 -> 342.95213 | I40: =+W37 -> 212.02232 | ... N40: =+AB37 -> 0
B42: 2010 | C42: 2011 | D42: 2012 | E42: 2013 | F42: 2014 | G42: 2015 | H42: 2016 | I42: 2017 | J42: 2018 | K42: 2019 | L42: 2020 | M42: 2021 | N42: 2022
A43: Cobertura | B43: 0.055 | C43: 0.055 | D43: 0.055 | E43: 0.055 | F43: 0.055 | G43: 0.055 | H43: 0.11 | I43: 0.064 | J43: 0.018 | K43: 0.019 | L43: 0.019 | M43: 0.007 | N43: 0.007 | Z43: 0.007 | AA43: 0.007
A45: EAR | B45: 2010 | C45: 2011 | D45: 2012 | E45: 2013 | F45: 2014 | G45: 2015 | H45: 2016 | I45: 2017 | J45: 2018 | K45: 2019 | L45: 2020 | M45: 2021 | N45: 2022
A46: SUPCAMCROASE | B46: =+B40/B43 -> 4271.637 | C46: =+C40/C43 -> 4271.637 | D46: =+D40/D43 -> 4271.637 | E46: =+E40/E43 -> 4271.637 | F46: =+F40/F43 -> 4271.637 | G46: =+G40/G43 -> 5253.5652 | H46: =+H40/H43 -> 3117.7466 | I46: =+I40/I43 -> 3312.8488 | ... N46: =+N40/N43 -> 0
A48: CROP a HUM
B49: 2010 | C49: 2011 | D49: 2012 | E49: 2013 | F49: 2014 | G49: 2015 | H49: 2016 | I49: 2017 | J49: 2018 | K49: 2019 | L49: 2020 | M49: 2021 | N49: 2022
A50: Emisiones(miles de tonCO2e) | B50: =+INGEI_diffs!C26/1000 -> 280.07586 | C50: =+INGEI_diffs!D26/1000 -> 280.07586 | D50: =+INGEI_diffs!E26/1000 -> 280.07586 | E50: =+INGEI_diffs!F26/1000 -> 280.07586 | F50: =+INGEI_diffs!G26/1000 -> 280.07586 | G50: =+INGEI_diffs!H26/1000 -> 276.33779 | H50: =+INGEI_diffs!I26/1000 -> 272.59973 | I50: =+INGEI_diffs!J26/1000 -> 287.14521 | ... N50: =+INGEI_diffs!O26/1000 -> 54.708061
B52: 2010 | C52: 2011 | D52: 2012 | E52: 2013 | F52: 2014 | G52: 2015 | H52: 2016 | I52: 2017 | J52: 2018 | K52: 2019 | L52: 2020 | M52: 2021 | N52: 2022
A53: Cobertura | B53: =+'Cambio uso de suelo (BAU)'!D61 -> 7.73904 | C53: =+'Cambio uso de suelo (BAU)'!E61 -> 7.73904 | D53: =+'Cambio uso de suelo (BAU)'!F61 -> 7.73904 | E53: =+'Cambio uso de suelo (BAU)'!G61 -> 7.73904 | F53: =+'Cambio uso de suelo (BAU)'!H61 -> 7.73904 | G53: =+'Cambio uso de suelo (BAU)'!I61 -> 7.63575 | H53: =+'Cambio uso de suelo (BAU)'!J61 -> 7.53246 | I53: =+'Cambio uso de suelo (BAU)'!K61 -> 7.93438 | ... N53: =+'Cambio uso de suelo (BAU)'!P61 -> 1.51169 | O53: =+'Cambio uso de suelo (BAU)'!Q61/1000 -> 0.00151169 | P53: =+'Cambio uso de suelo (BAU)'!R61/1000 -> 0.00151169 | Q53: =+'Cambio uso de suelo (BAU)'!S61/1000 -> 0.00151169 | R53: =+'Cambio uso de suelo (BAU)'!T61/1000 -> 0.00151169 | S53: =+'Cambio uso de suelo (BAU)'!U61/1000 -> 0.00151169 | T53: =+'Cambio uso de suelo (BAU)'!V61/1000 -> 0.00151169 | U53: =+'Cambio uso de suelo (BAU)'!W61/1000 -> 0.00151169 | V53: =+'Cambio uso de suelo (BAU)'!X61/1000 -> 0.00151169 | ... AB53: =+'Cambio uso de suelo (BAU)'!AD61/1000 -> 0
A55: EAR | B55: 2010 | C55: 2011 | D55: 2012 | E55: 2013 | F55: 2014 | G55: 2015 | H55: 2016 | I55: 2017 | J55: 2018 | K55: 2019 | L55: 2020 | M55: 2021 | N55: 2022
A56: SUPCAMCROASE | B56: =+B50/B53 -> 36.19 | C56: =+C50/C53 -> 36.19 | D56: =+D50/D53 -> 36.19 | E56: =+E50/E53 -> 36.19 | F56: =+F50/F53 -> 36.19 | G56: =+G50/G53 -> 36.19 | H56: =+H50/H53 -> 36.19 | I56: =+I50/I53 -> 36.19 | ... N56: =+N50/N53 -> 36.19
A59: GRA a HUM
B60: 2010 | C60: 2011 | D60: 2012 | E60: 2013 | F60: 2014 | G60: 2015 | H60: 2016 | I60: 2017 | J60: 2018 | K60: 2019 | L60: 2020 | M60: 2021 | N60: 2022
A61: Emisiones(miles de tonCO2e) | B61: =+INGEI_diffs!C27/1000 -> 2.8969578 | C61: =+INGEI_diffs!D27/1000 -> 2.8969578 | D61: =+INGEI_diffs!E27/1000 -> 2.8969578 | E61: =+INGEI_diffs!F27/1000 -> 2.8969578 | F61: =+INGEI_diffs!G27/1000 -> 2.8969578 | G61: =+INGEI_diffs!H27/1000 -> 4.5128068 | H61: =+INGEI_diffs!I27/1000 -> 6.1286559 | I61: =+INGEI_diffs!J27/1000 -> 3.6558793 | ... N61: =+INGEI_diffs!O27/1000 -> 0.94769547
B63: 2010 | C63: 2011 | D63: 2012 | E63: 2013 | F63: 2014 | G63: 2015 | H63: 2016 | I63: 2017 | J63: 2018 | K63: 2019 | L63: 2020 | M63: 2021 | N63: 2022
A64: Cobertura | B64: =+'Cambio uso de suelo (BAU)'!D62 -> 0.420255 | C64: =+'Cambio uso de suelo (BAU)'!E62 -> 0.420255 | D64: =+'Cambio uso de suelo (BAU)'!F62 -> 0.420255 | E64: =+'Cambio uso de suelo (BAU)'!G62 -> 0.420255 | F64: =+'Cambio uso de suelo (BAU)'!H62 -> 0.420255 | G64: =+'Cambio uso de suelo (BAU)'!I62 -> 0.6546625 | H64: =+'Cambio uso de suelo (BAU)'!J62 -> 0.88907 | I64: =+'Cambio uso de suelo (BAU)'!K62 -> 0.53035 | ... N64: =+'Cambio uso de suelo (BAU)'!P62 -> 0.13748 | O64: =+'Cambio uso de suelo (BAU)'!Q72/1000 -> 7.3814639e-05 | P64: =+'Cambio uso de suelo (BAU)'!R72/1000 -> 7.3271892e-05 | Q64: =+'Cambio uso de suelo (BAU)'!S72/1000 -> 7.2721408e-05 | R64: =+'Cambio uso de suelo (BAU)'!T72/1000 -> 7.2194138e-05 | S64: =+'Cambio uso de suelo (BAU)'!U72/1000 -> 7.1659131e-05 | T64: =+'Cambio uso de suelo (BAU)'!V72/1000 -> 7.1124125e-05 | U64: =+'Cambio uso de suelo (BAU)'!W72/1000 -> 7.0604595e-05 | V64: =+'Cambio uso de suelo (BAU)'!X72/1000 -> 7.0085065e-05 | ... AB64: =+'Cambio uso de suelo (BAU)'!AD72/1000 -> 0
A66: EAR | B66: 2010 | C66: 2011 | D66: 2012 | E66: 2013 | F66: 2014 | G66: 2015 | H66: 2016 | I66: 2017 | J66: 2018 | K66: 2019 | L66: 2020 | M66: 2021 | N66: 2022
A67: SUPCAMCROASE | B67: =+B61/B64 -> 6.8933333 | C67: =+C61/C64 -> 6.8933333 | D67: =+D61/D64 -> 6.8933333 | E67: =+E61/E64 -> 6.8933333 | F67: =+F61/F64 -> 6.8933333 | G67: =+G61/G64 -> 6.8933333 | H67: =+H61/H64 -> 6.8933333 | I67: =+I61/I64 -> 6.8933333 | ... N67: =+N61/N64 -> 6.8933333
B69: =+B61+B51+B23 -> 3.6060978 | C69: =+C61+C51+C23 -> 3.6060978 | D69: =+D61+D51+D23 -> 3.6060978 | E69: =+E61+E51+E23 -> 3.6060978 | F69: =+F61+F51+F23 -> 3.6060978 | G69: =+G61+G51+G23 -> 5.3221468 | H69: =+H61+H51+H23 -> 7.0381959 | I69: =+I61+I51+I23 -> 4.6033093 | ... N69: =+N61+N51+N23 -> 0.99584547
A73: SUPCAMANDHUM | B73: 0 | C73: 0 | D73: 0 | E73: 0 | F73: 0 | G73: 0 | H73: 0 | I73: 0 | J73: 0 | K73: 6.6 | L73: 6.6 | M73: 0 | N73: 9.3
A74: SUPCAMPLUHUM | B74: 6.2 | C74: 6.2 | D74: 6.2 | E74: 6.2 | F74: 6.2 | G74: 7.6 | H74: 9 | I74: 8.6 | J74: 8.2 | K74: 64.1 | L74: 64.1 | M74: 91.3 | N74: 91.3
A75: SUPCAMMONHUM | B75: 0 | C75: 0 | D75: 0 | E75: 0 | F75: 0 | G75: 0 | H75: 0 | I75: 0 | J75: 76.8 | K75: 613.1 | L75: 613.1 | M75: 874.9 | N75: 874.9
A76: SUPCAMPIEHUM | B76: 0 | C76: 0 | D76: 0 | E76: 0 | F76: 0 | G76: 0 | H76: 0 | I76: 33.5 | J76: 32 | K76: 249.2 | L76: 249.2 | M76: 355.6 | N76: 355.6
A77: SUPCAMCEJHUM | B77: 0 | C77: 0 | D77: 0 | E77: 0 | F77: 0 | G77: 0 | H77: 0 | I77: 0 | J77: 0 | K77: 171.7 | L77: 171.7 | M77: 245.3 | N77: 245.3
A78: SUPCAMAMAHUM | B78: 0 | C78: 0 | D78: 0 | E78: 0 | F78: 0 | G78: 0 | H78: 0 | I78: 0 | J78: 0 | K78: 1256 | L78: 1256 | M78: 1792.3 | N78: 1792.3
A79: SUPCAMCHOHUM | B79: 13.4 | C79: 13.4 | D79: 13.4 | E79: 13.4 | F79: 13.4 | G79: 16.5 | H79: 19.5 | I79: 18.7 | J79: 17.8 | K79: 139.6 | L79: 139.6 | M79: 198.6 | N79: 198.6
A80: SUPCAMMANHUM | B80: 3.3 | C80: 3.3 | D80: 3.3 | E80: 3.3 | F80: 3.3 | G80: 4.1 | H80: 4.9 | I80: 4.6 | J80: 4.4 | K80: 34.6 | L80: 34.6 | M80: 49.4 | N80: 49.4
A81: SUPCAMMORHUM | B81: 0 | C81: 0 | D81: 0 | E81: 0 | F81: 0 | G81: 0 | H81: 0 | I81: 0 | J81: 0 | K81: 144.5 | L81: 144.5 | M81: 206.2 | N81: 206.2
A82: SUPCAMCROHUM | B82: 280.1 | C82: 280.1 | D82: 280.1 | E82: 280.1 | F82: 280.1 | G82: 276.3 | H82: 272.6 | I82: 287.1 | J82: 301.7 | K82: 256.3 | L82: 256.3 | M82: 54.7 | N82: 54.7
A83: SUPCAMGRAHUM | B83: 2.9 | C83: 2.9 | D83: 2.9 | E83: 2.9 | F83: 2.9 | G83: 4.5 | H83: 6.1 | I83: 3.7 | J83: 1.2 | K83: 7.3 | L83: 7.3 | M83: 0.9 | N83: 0.9
A84: SUPCAMPFOHUM | B84: 234.1 | C84: 234.1 | D84: 234.1 | E84: 234.1 | F84: 234.1 | G84: 287.9 | H84: 341.7 | I84: 211.4 | J84: 201.1 | K84: 0 | L84: 0 | M84: 9.6 | N84: 0
A86: SUPCAMANDHUM | B86: =+P27-B73 -> 0 | C86: =+Q27-C73 -> 0 | D86: =+R27-D73 -> 0 | E86: =+S27-E73 -> 0 | F86: =+T27-F73 -> 0 | G86: =+U27-G73 -> 0 | H86: =+V27-H73 -> 0 | I86: =+W27-I73 -> 0 | ... N86: =+AB27-N73 -> 0.070023786
A87: SUPCAMPLUHUM | B87: =+P28-B74 -> -0.028704239 | C87: =+Q28-C74 -> -0.028704239 | D87: =+R28-D74 -> -0.028704239 | E87: =+S28-E74 -> -0.028704239 | F87: =+T28-F74 -> -0.028704239 | G87: =+U28-G74 -> -0.010098473 | H87: =+V28-H74 -> 0.0085072937 | I87: =+W28-I74 -> 0.011520186 | ... N87: =+AB28-N74 -> 0.20002389
A88: SUPCAMMONHUM | B88: =+P29-B75 -> 0 | C88: =+Q29-C75 -> 0 | D88: =+R29-D75 -> 0 | E88: =+S29-E75 -> 0 | F88: =+T29-F75 -> 0 | G88: =+U29-G75 -> 0 | H88: =+V29-H75 -> 0 | I88: =+W29-I75 -> 82.344198 | ... N88: =+AB29-N75 -> 0.032178057
A89: SUPCAMPIEHUM | B89: =+P30-B76 -> 0 | C89: =+Q30-C76 -> 0 | D89: =+R30-D76 -> 0 | E89: =+S30-E76 -> 0 | F89: =+T30-F76 -> 0 | G89: =+U30-G76 -> 0 | H89: =+V30-H76 -> 0 | I89: =+W30-I76 -> -0.027614404 | ... N89: =+AB30-N76 -> 0.054288145
A90: SUPCAMCEJHUM | B90: =+P31-B77 -> 0 | C90: =+Q31-C77 -> 0 | D90: =+R31-D77 -> 0 | E90: =+S31-E77 -> 0 | F90: =+T31-F77 -> 0 | G90: =+U31-G77 -> 0 | H90: =+V31-H77 -> 0 | I90: =+W31-I77 -> 0 | ... N90: =+AB31-N77 -> -0.37010113
A91: SUPCAMAMAHUM | B91: =+P32-B78 -> 0 | C91: =+Q32-C78 -> 0 | D91: =+R32-D78 -> 0 | E91: =+S32-E78 -> 0 | F91: =+T32-F78 -> 0 | G91: =+U32-G78 -> 0 | H91: =+V32-H78 -> 0 | I91: =+W32-I78 -> 0 | ... N91: =+AB32-N78 -> -0.026162218
A92: SUPCAMCHOHUM | B92: =+P33-B79 -> -0.0072850371 | C92: =+Q33-C79 -> -0.0072850371 | D92: =+R33-D79 -> -0.0072850371 | E92: =+S33-E79 -> -0.0072850371 | F92: =+T33-F79 -> -0.0072850371 | G92: =+U33-G79 -> -0.028679926 | H92: =+V33-H79 -> 0.049925185 | I92: =+W33-I79 -> -0.01160137 | ... N92: =+AB33-N79 -> -0.030074585
A93: SUPCAMMANHUM | B93: =+P34-B80 -> 0.026109271 | C93: =+Q34-C80 -> 0.026109271 | D93: =+R34-D80 -> 0.026109271 | E93: =+S34-E80 -> 0.026109271 | F93: =+T34-F80 -> 0.026109271 | G93: =+U34-G80 -> -0.0093125963 | H93: =+V34-H80 -> -0.044734463 | I93: =+W34-I80 -> 0.041303583 | ... N93: =+AB34-N80 -> -0.084736317
A94: SUPCAMMORHUM | B94: =+P35-B81 -> 0 | C94: =+Q35-C81 -> 0 | D94: =+R35-D81 -> 0 | E94: =+S35-E81 -> 0 | F94: =+T35-F81 -> 0 | G94: =+U35-G81 -> 0 | H94: =+V35-H81 -> 0 | I94: =+W35-I81 -> 0 | ... N94: =+AB35-N81 -> 0.027991269
A95: SUPCAMCROHUM | B95: =+B82-B50 -> 0.0241424 | C95: =+C82-C50 -> 0.0241424 | D95: =+D82-D50 -> 0.0241424 | E95: =+E82-E50 -> 0.0241424 | F95: =+F82-F50 -> 0.0241424 | G95: =+G82-G50 -> -0.0377925 | H95: =+H82-H50 -> 0.0002726 | I95: =+I82-I50 -> -0.0452122 | ... N95: =+N82-N50 -> -0.0080611
A96: SUPCAMGRAHUM | B96: =+B61-B83 -> -0.0030422 | C96: =+C61-C83 -> -0.0030422 | D96: =+D61-D83 -> -0.0030422 | E96: =+E61-E83 -> -0.0030422 | F96: =+F61-F83 -> -0.0030422 | G96: =+G61-G83 -> 0.012806833 | H96: =+H61-H83 -> 0.028655867 | I96: =+I61-I83 -> -0.044120667 | ... N96: =+N61-N83 -> 0.047695467
A97: SUPCAMPFOHUM | B97: =+B40-B84 -> 0.84003641 | C97: =+C40-C84 -> 0.84003641 | D97: =+D40-D84 -> 0.84003641 | E97: =+E40-E84 -> 0.84003641 | F97: =+F40-F84 -> 0.84003641 | G97: =+G40-G84 -> 1.0460836 | H97: =+H40-H84 -> 1.2521309 | I97: =+I40-I84 -> 0.62232454 | ... N97: =+N40-N84 -> 0

Sheet 5ta
A1: Superficie de tierras convertidas en Tierras de cultivo | Q1: Superficie de bosque | R1: 2010 | S1: 2012 | T1: 2014 | U1: 2016 | V1: 2018 | W1: 2019 | X1: 2020 | Y1: 2021 | Z1: 2022
A2: Uso del suelo inicial | B2: Uso del suelo en el año del inventario | C2: 1994 | D2: 2000 | E2: 2006 | F2: 2010 | G2: 2012 | H2: 2014 | I2: 2016 | J2: 2018 | K2: 2019 | L2: 2020 | M2: 2021 | N2: 2022 | Q2: B. Seco Andino | R2: 0.01234832 | S2: 0.01445693 | T2: 0.01471199 | U2: 0.01479907 | V2: 0.01476066 | W2: 0.01476066 | X2: 0.01476066 | Y2: 0.013635 | Z2: 0.013635
A3: B. Seco Andino | B3: Tierras de cultivo | C3: 1906.398 | D3: 1906.398 | E3: 2131.2562 | F3: 2921.655 | G3: 2921.655 | H3: 2921.655 | I3: 1167.21 | J3: 937.89 | K3: 3382.92 | L3: 3382.92 | M3: 2392.92 | N3: 2392.92 | Q3: B. Seco Pluvioestacional | R3: 0.12058364 | S3: 0.13184642 | T3: 0.14017458 | U3: 0.13983467 | V3: 0.13987301 | W3: 0.13987301 | X3: 0.13987301 | Y3: 0.139386 | Z3: 0.139386
A4: B. Seco Pluvioestacional | B4: Tierras de cultivo | C4: 14974.713 | D4: 14974.713 | E4: 12967.031 | F4: 14129.01 | G4: 14129.01 | H4: 14129.01 | I4: 13702.275 | J4: 10041.66 | K4: 11193.21 | L4: 11193.21 | M4: 14441.4 | N4: 14441.4 | Q4: B. Siempre verde andino Montano | R4: 1.1530326 | S4: 1.1644526 | T4: 1.2328479 | U4: 1.2347451 | V4: 1.2563159 | W4: 1.2563159 | X4: 1.2563159 | Y4: 1.257518 | Z4: 1.257518
A5: B. Siempre verde andino Montano | B5: Tierras de cultivo | C5: 17916.48 | D5: 17916.48 | E5: 17155.373 | F5: 13631.91 | G5: 13631.91 | H5: 13631.91 | I5: 13256.28 | J5: 11208.51 | K5: 11090.66 | L5: 11090.66 | M5: 8753.94 | N5: 8753.94 | Q5: B. Siempre verde andino Pie montano | R5: 0.4687003 | S5: 0.47071555 | T5: 0.50723571 | U5: 0.50614502 | V5: 0.52313965 | W5: 0.52313965 | X5: 0.52313965 | Y5: 0.515144 | Z5: 0.515144
A6: B. Siempre verde andino Pie montano | B6: Tierras de cultivo | C6: 24951.942 | D6: 24951.942 | E6: 23170.522 | F6: 19148.415 | G6: 19148.415 | H6: 19148.415 | I6: 10886.94 | J6: 10141.74 | K6: 8861.535 | L6: 8861.535 | M6: 11154.645 | N6: 11154.645 | Q6: B. Siempre verde andino de Ceja Andina | R6: 0.32278176 | S6: 0.32796002 | T6: 0.3391555 | U6: 0.34125912 | V6: 0.37463066 | W6: 0.37463066 | X6: 0.37463066 | Y6: 0.375109 | Z6: 0.375109
A7: B. Siempre verde andino de Ceja Andina | B7: Tierras de cultivo | C7: 2541.573 | D7: 2541.573 | E7: 2429.7638 | F7: 2543.955 | G7: 2543.955 | H7: 2543.955 | I7: 2936.835 | J7: 2302.16 | K7: 3169.13 | L7: 3169.13 | M7: 1357.29 | N7: 1357.29 | Q7: B. Siempre verde de tierras bajas de la Amazonía | R7: 2.3619546 | S7: 2.710653 | T7: 2.8265138 | U7: 2.8910026 | V7: 3.02045 | W7: 3.02045 | X7: 3.02045 | Y7: 2.928882 | Z7: 2.928882
A8: B. Siempre verde de tierras bajas de la Amazonía | B8: Tierras de cultivo | C8: 31745.709 | D8: 31745.709 | E8: 22346.73 | F8: 22227.495 | G8: 22227.495 | H8: 22227.495 | I8: 27075.51 | J8: 24197.22 | K8: 26998.74 | L8: 26998.74 | M8: 28947.375 | N8: 28947.375 | Q8: B. Siempre verde de tierras bajas del Chocó | R8: 0.2616861 | S8: 0.2655587 | T8: 0.27384134 | U8: 0.26363481 | V8: 0.2621826 | W8: 0.2621826 | X8: 0.2621826 | Y8: 0.240487 | Z8: 0.240487
A9: B. Siempre verde de tierras bajas del Chocó | B9: Tierras de cultivo | C9: 32316.516 | D9: 32316.516 | E9: 26057.486 | F9: 19344.36 | G9: 19344.36 | H9: 19344.36 | I9: 20399.22 | J9: 17952.66 | K9: 16612.38 | L9: 16612.38 | M9: 23323.995 | N9: 23323.995 | Q9: Manglar | R9: 0.0649903 | S9: 0.06568007 | T9: 0.06253328 | U9: 0.06894442 | V9: 0.06831346 | W9: 0.06831346 | X9: 0.06831346 | Y9: 0.098087 | Z9: 0.098087
A10: Manglar | B10: Tierras de cultivo | C10: 597.105 | D10: 597.105 | E10: 645.08625 | F10: 363.525 | G10: 363.525 | H10: 363.525 | I10: 759.105 | J10: 317.39 | K10: 137.97 | L10: 137.97 | M10: 329.58 | N10: 329.58 | Q10: Moretal | R10: 0.27177831 | S10: 0.27359197 | T10: 0.28273438 | U10: 0.2960487 | V10: 0.30022673 | W10: 0.30022673 | X10: 0.30022673 | Y10: 0.272847 | Z10: 0.272847
A11: Moretal | B11: Tierras de cultivo | C11: 630.477 | D11: 630.477 | E11: 247.4775 | F11: 423.675 | G11: 423.675 | H11: 423.675 | I11: 589.635 | J11: 336.915 | K11: 621.05 | L11: 621.05 | M11: 667.89 | N11: 667.89 | R11: =+SUM(R2:R10) -> 5.0378559 | S11: =+SUM(S2:S10) -> 5.4249152 | T11: =+SUM(T2:T10) -> 5.6797485 | U11: =+SUM(U2:U10) -> 5.7564136 | V11: =+SUM(V2:V10) -> 5.9598926 | W11: =+SUM(W2:W10) -> 5.9598926 | X11: =+SUM(X2:X10) -> 5.9598926 | Y11: =+SUM(Y2:Y10) -> 5.841095 | Z11: =+SUM(Z2:Z10) -> 5.841095
A12: Plantación forestal | B12: Tierras de cultivo | C12: 1510.56 | D12: 1510.56 | E12: 3423.3863 | F12: 2300.985 | G12: 2300.985 | H12: 2300.985 | I12: 11136.69 | J12: 8601.435 | K12: 1903.73 | L12: 1903.73 | M12: 5155.11 | N12: 5155.11 | S12: =+S11-R11 -> 0.3870593 | T12: =+T11-S11 -> 0.25483327 | U12: =+U11-T11 -> 0.0766651 | V12: =+V11-U11 -> 0.20347905 | W12: =+W11-V11 -> 0 | X12: =+X11-W11 -> 0 | Y12: =+Y11-X11 -> -0.11879762 | Z12: =+Z11-Y11 -> 0
A13: Pastizales | B13: Tierras de cultivo | C13: 15257.82 | D13: 15257.82 | E13: 30989.63 | F13: 24385.99 | G13: 24385.99 | H13: 24385.99 | I13: 53547.62 | J13: 14859.45 | K13: 32440.31 | L13: 32440.31 | M13: 23216.04 | N13: 23216.04
A14: Humedales | B14: Tierras de cultivo | C14: 2277.396 | D14: 2277.396 | E14: 1223.1562 | F14: 8319.99 | G14: 8319.99 | H14: 8319.99 | I14: 10216.44 | J14: 6730.79 | K14: 795.38 | L14: 795.38 | M14: 2562.98 | N14: 2562.98
A15: Asentamientos | B15: Tierras de cultivo | C15: 0.88 | D15: 0.88 | E15: 0.08 | F15: 0 | G15: 0 | H15: 0 | I15: 0 | J15: 0 | K15: 0 | L15: 0 | M15: 262.35 | N15: 262.35
A16: Otras tierras | B16: Tierras de cultivo | C16: 320.472 | D16: 320.472 | E16: 479.1825 | F16: 1280.52 | G16: 1280.52 | H16: 1280.52 | I16: 9229.185 | J16: 1550.39 | K16: 608.72 | L16: 608.72 | M16: 3363.16 | N16: 3363.16
A17: Total | C17: 146948.04 | D17: 146948.04 | E17: 143266.16 | F17: 131021.49 | G17: 131021.49 | H17: 131021.49 | I17: 174902.94 | J17: 109178.21 | K17: 117815.74 | L17: 117815.74 | M17: 125928.68 | N17: 125928.68
A18: Uso del suelo inicial | B18: Uso del suelo en el año del inventario | C18: 1994 | D18: 2000 | E18: 2006 | F18: 2010 | G18: 2012 | H18: 2014 | I18: 2016 | J18: 2018 | K18: 2019 | L18: 2020 | M18: 2021 | N18: 2022 | Q18: B. Seco Andino | R18: 0.01234832 | S18: 0.01445693 | T18: 0.01471199 | U18: 0.01479907 | V18: 0.01476066 | W18: 0.01476066 | X18: 0.01476066 | Y18: 0.013635 | Z18: 0.013635
A19: Superficie de tierras convertidas en Pastizales
A20: B. Seco Andino | B20: Pastizales | C20: 0 | D20: 0 | E20: 0 | F20: 0 | G20: 0 | H20: 0 | I20: 0 | J20: 161.775 | K20: 23.94 | L20: 23.94 | M20: 1.62 | N20: 1.62
A21: B. Seco Pluvioestacional | B21: Pastizales | C21: 1.026 | D21: 1.026 | E21: 6.69375 | F21: 0 | G21: 0 | H21: 0 | I21: 0 | J21: 606.195 | K21: 194.535 | L21: 194.535 | M21: 465.885 | N21: 465.885
A22: B. Siempre verde andino Montano | B22: Pastizales | C22: 225.612 | D22: 225.612 | E22: 5.6025 | F22: 0 | G22: 0 | H22: 0 | I22: 0 | J22: 391.77 | K22: 846.23 | L22: 846.23 | M22: 79.11 | N22: 79.11
A23: B. Siempre verde andino Pie montano | B23: Pastizales | C23: 0 | D23: 0 | E23: 0.14625 | F23: 0 | G23: 0 | H23: 0 | I23: 0 | J23: 68.085 | K23: 149.94 | L23: 149.94 | M23: 20.925 | N23: 20.925
A24: B. Siempre verde andino de Ceja Andina | B24: Pastizales | C24: 464.76 | D24: 464.76 | E24: 59.13 | F24: 0 | G24: 0 | H24: 0 | I24: 0 | J24: 382.41 | K24: 1335.29 | L24: 1335.29 | M24: 40.46 | N24: 40.46
A25: B. Siempre verde de tierras bajas de la Amazonía | B25: Pastizales | C25: 6.948 | D25: 6.948 | E25: 56.3625 | F25: 0 | G25: 0 | H25: 0 | I25: 0 | J25: 40.635 | K25: 342.855 | L25: 342.855 | M25: 19.755 | N25: 19.755
A26: B. Siempre verde de tierras bajas del Chocó | B26: Pastizales | C26: 0.441 | D26: 0.441 | E26: 0.405 | F26: 0 | G26: 0 | H26: 0 | I26: 0 | J26: 130.455 | K26: 582.12 | L26: 582.12 | M26: 37.395 | N26: 37.395
A27: Manglar | B27: Pastizales | C27: 1.845 | D27: 1.845 | E27: 1.92375 | F27: 0 | G27: 0 | H27: 0 | I27: 0 | J27: 17.505 | K27: 102.69 | L27: 102.69 | M27: 140.76 | N27: 140.76
A28: Moretal | B28: Pastizales | C28: 0 | D28: 0 | F28: 0 | G28: 0 | H28: 0 | I28: 0 | J28: 1.755 | K28: 23.535 | L28: 23.535 | M28: 0.36 | N28: 0.36
A29: Plantación forestal | B29: Pastizales | C29: 417.82 | D29: 417.82 | E29: 1369.63 | F29: 1629.99 | G29: 1629.99 | H29: 1629.99 | I29: 109.53 | J29: 4371.615 | K29: 236.75 | L29: 236.75 | M29: 431.1 | N29: 431.1
A30: Tierras de cultivo | B30: Pastizales | C30: 4783.02 | D30: 4783.02 | E30: 16016.74 | F30: 66529.46 | G30: 66529.46 | H30: 66529.46 | I30: 21954.2 | J30: 16051.91 | K30: 3245.4 | L30: 3245.4 | M30: 10864.71 | N30: 10864.71
A31: Humedales | B31: Pastizales | C31: 69.3 | D31: 69.3 | E31: 12.12 | F31: 12.48 | G31: 12.48 | H31: 12.48 | I31: 2738.43 | J31: 706.275 | K31: 104.13 | L31: 104.13 | M31: 2137.01 | N31: 2137.01
A32: Otras tierras | B32: Pastizales | C32: 982.51 | D32: 982.51 | E32: 2066.65 | F32: 3687.21 | G32: 3687.21 | H32: 3687.21 | I32: 4439.48 | J32: 3296.745 | K32: 370.94 | L32: 370.94 | M32: 2590.52 | N32: 2590.52
A33: Total | C33: 6953.282 | D33: 6953.282 | E33: 19595.404 | F33: 71859.14 | G33: 71859.14 | H33: 71859.14 | I33: 29241.64 | J33: 26227.13 | K33: 7558.355 | L33: 7558.355 | M33: 16829.61 | N33: 16829.61
A34: Uso del suelo inicial | B34: Uso del suelo en el año del inventario | C34: 1994 | D34: 2000 | E34: 2006 | F34: 2010 | G34: 2012 | H34: 2014 | I34: 2016 | J34: 2018 | K34: 2019 | L34: 2020 | M34: 2021 | N34: 2022 | Q34: B. Seco Andino | R34: 0.01234832 | S34: 0.01445693 | T34: 0.01471199 | U34: 0.01479907 | V34: 0.01476066 | W34: 0.01476066 | X34: 0.01476066 | Y34: 0.013635 | Z34: 0.013635
A35: Superficie de tierras convertidas en Humedales
A36: B. Seco Andino | B36: Humedales | C36: 0 | D36: 0 | E36: 0 | F36: 0 | G36: 0 | H36: 0 | I36: 0 | J36: 0 | K36: 57.06 | L36: 57.06 | M36: 9.135 | N36: 9.135
A37: B. Seco Pluvioestacional | B37: Humedales | C37: 61.623 | D37: 61.623 | E37: 58.26375 | F37: 185.4 | G37: 185.4 | H37: 185.4 | I37: 195.615 | J37: 71.37 | K37: 97.2 | L37: 97.2 | M37: 20.34 | N37: 20.34
A38: B. Siempre verde andino Montano | B38: Humedales | C38: 0.108 | D38: 0.108 | E38: 1.89 | F38: 0 | G38: 0 | H38: 0 | I38: 0 | J38: 1.125 | K38: 731.3 | L38: 731.3 | M38: 460.125 | N38: 460.125
A39: B. Siempre verde andino Pie montano | B39: Humedales | C39: 0 | D39: 0 | E39: 2.3175 | F39: 0 | G39: 0 | H39: 0 | I39: 0 | J39: 4.59 | K39: 237.2 | L39: 237.2 | M39: 950.445 | N39: 950.445
A40: B. Siempre verde andino de Ceja Andina | B40: Humedales | C40: 0 | D40: 0 | E40: 0 | F40: 0 | G40: 0 | H40: 0 | I40: 0 | J40: 0 | K40: 54.77 | L40: 54.77 | M40: 25.56 | N40: 25.56
A41: B. Siempre verde de tierras bajas de la Amazonía | B41: Humedales | C41: 0.423 | D41: 0.423 | E41: 11.95875 | F41: 0 | G41: 0 | H41: 0 | I41: 0 | J41: 0 | K41: 3041.91 | L41: 3041.91 | M41: 5179.95 | N41: 5179.95
A42: B. Siempre verde de tierras bajas del Chocó | B42: Humedales | C42: 20.637 | D42: 20.637 | E42: 16.8975 | F42: 23.205 | G42: 23.205 | H42: 23.205 | I42: 83.835 | J42: 39.42 | K42: 17.15 | L42: 17.15 | M42: 69.3 | N42: 69.3
A43: Manglar | B43: Humedales | C43: 493.461 | D43: 493.461 | E43: 605.55375 | F43: 709.14 | G43: 709.14 | H43: 709.14 | I43: 909.54 | J43: 985.32 | K43: 719.15 | L43: 719.15 | M43: 48.15 | N43: 48.15
A44: Moretal | B44: Humedales | C44: 0 | D44: 0 | E44: 0.045 | F44: 0 | G44: 0 | H44: 0 | I44: 0 | J44: 0 | K44: 552.78 | L44: 552.78 | M44: 234.63 | N44: 234.63
A45: Plantación forestal | B45: Humedales | C45: 0 | D45: 0 | E45: 0.135 | F45: 0 | G45: 0 | H45: 0 | I45: 109.62 | J45: 17.91 | K45: 18.99 | L45: 18.99 | M45: 7.2 | N45: 7.2
A46: Tierras de cultivo | B46: Humedales | C46: 573.012 | D46: 573.012 | E46: 4498.3688 | F46: 7739.04 | G46: 7739.04 | H46: 7739.04 | I46: 7532.46 | J46: 8336.3 | K46: 7082.69 | L46: 7082.69 | M46: 1511.69 | N46: 1511.69
A47: Pastizales | B47: Humedales | C47: 111.83 | D47: 111.83 | E47: 78.99 | F47: 420.255 | G47: 420.255 | H47: 420.255 | I47: 889.07 | J47: 171.63 | K47: 1057.59 | L47: 1057.59 | M47: 137.48 | N47: 137.48
A48: Otras tierras | B48: Humedales | C48: 6.17 | D48: 6.17 | E48: 13.29 | F48: 1846.79 | G48: 1846.79 | H48: 1846.79 | I48: 3642.57 | J48: 1685.84 | K48: 3312.72 | L48: 3312.72 | M48: 218.03 | N48: 218.03
A49: Total | C49: 1267.264 | D49: 1267.264 | E49: 5287.71 | F49: 10923.83 | G49: 10923.83 | H49: 10923.83 | I49: 13362.71 | J49: 11313.505 | K49: 16980.51 | L49: 16980.51 | M49: 8872.035 | N49: 8872.035
A50: Superficie de tierras convertidas en Asentamientos
A51: B. Seco Andino | B51: Asentamientos | C51: 0 | D51: 0 | E51: 0.91125 | F51: 0 | G51: 0 | H51: 0 | I51: 0 | J51: 10.395 | K51: 7.52 | L51: 7.52 | M51: 0 | N51: 0
A52: B. Seco Pluvioestacional | B52: Asentamientos | C52: 76.644 | D52: 76.644 | E52: 192.24 | F52: 390 | G52: 390 | H52: 390 | I52: 75.015 | J52: 75.465 | K52: 527.67 | L52: 527.67 | M52: 802.49 | N52: 802.49
A53: B. Siempre verde andino Montano | B53: Asentamientos | C53: 15.129 | D53: 15.129 | E53: 17.20125 | F53: 42.465 | G53: 42.465 | H53: 42.465 | I53: 67.185 | J53: 110.88 | K53: 59.4 | L53: 59.4 | M53: 123.44 | N53: 123.44
A54: B. Siempre verde andino Pie montano | B54: Asentamientos | C54: 25.704 | D54: 25.704 | E54: 14.85 | F54: 51.255 | G54: 51.255 | H54: 51.255 | I54: 46.665 | J54: 76.77 | K54: 99.45 | L54: 99.45 | M54: 138.56 | N54: 138.56
A55: B. Siempre verde andino de Ceja Andina | B55: Asentamientos | C55: 1.989 | D55: 1.989 | E55: 2.21625 | F55: 18.06 | G55: 18.06 | H55: 18.06 | I55: 24.525 | J55: 31.815 | K55: 39.65 | L55: 39.65 | M55: 0.54 | N55: 0.54
A56: B. Siempre verde de tierras bajas de la Amazonía | B56: Asentamientos | C56: 71.838 | D56: 71.838 | E56: 67.86 | F56: 102.555 | G56: 102.555 | H56: 102.555 | I56: 111.915 | J56: 204.03 | K56: 300.74 | L56: 300.74 | M56: 861.98 | N56: 861.98
A57: B. Siempre verde de tierras bajas del Chocó | B57: Asentamientos | C57: 32.967 | D57: 32.967 | E57: 34.18875 | F57: 30.825 | G57: 30.825 | H57: 30.825 | I57: 14.715 | J57: 21.465 | K57: 33.98 | L57: 33.98 | M57: 201.56 | N57: 201.56
A58: Manglar | B58: Asentamientos | C58: 17.748 | D58: 17.748 | E58: 7.425 | F58: 33.63 | G58: 33.63 | H58: 33.63 | I58: 8.055 | J58: 15.3 | K58: 2210.72 | L58: 2210.72 | M58: 78.71 | N58: 78.71
A59: Moretal | B59: Asentamientos | C59: 0.432 | D59: 0.432 | E59: 1.44 | F59: 1.83 | G59: 1.83 | H59: 1.83 | I59: 3.33 | J59: 5.985 | K59: 6.53 | L59: 6.53 | M59: 13.23 | N59: 13.23
A60: Plantación forestal | B60: Asentamientos | C60: 30.87 | D60: 30.87 | E60: 114.41 | F60: 20.58 | G60: 20.58 | H60: 20.58 | I60: 69.26 | J60: 176.49 | K60: 53.46 | L60: 53.46 | M60: 10.98 | N60: 10.98
A61: Tierras de cultivo | B61: Asentamientos | C61: 3799.2 | D61: 3799.2 | E61: 6078.99 | F61: 9692.42 | G61: 9692.42 | H61: 9692.42 | I61: 2320.11 | J61: 14219 | K61: 3174.03 | L61: 3174.03 | M61: 11997.5 | N61: 11997.5
A62: Pastizales | B62: Asentamientos | C62: 436.19 | D62: 436.19 | E62: 1063.62 | F62: 614.61 | G62: 614.61 | H62: 614.61 | I62: 349.16 | J62: 280.49 | K62: 230.99 | L62: 230.99 | M62: 1935.81 | N62: 1935.81
... A64: Otras tierras | B64: Asentamientos | C64: 167.29 | D64: 167.29 | E64: 76.25 | F64: 223.995 | G64: 223.995 | H64: 223.995 | I64: 124.86 | J64: 748.98 | K64: 871.12 | L64: 871.12 | M64: 2832.75 | N64: 2832.75
A65: Total | C65: 4743.911 | D65: 4743.911 | E65: 7736.9425 | F65: 11497.985 | G65: 11497.985 | H65: 11497.985 | I65: 3461.935 | J65: 16420.635 | K65: 102766.37 | L65: 102766.37 | M65: 19491.61 | N65: 19491.61
A66: Superficie de tierras convertidas en Otras tierras
A67: B. Seco Andino | B67: Otras tierras | C67: 8.955 | D67: 8.955 | E67: 0 | F67: 0.42 | G67: 0.42 | H67: 0.42 | I67: 37.125 | J67: 19.62 | K67: 8.37 | L67: 8.37 | M67: 0.72 | N67: 0.72
A68: B. Seco Pluvioestacional | B68: Otras tierras | C68: 67.122 | D68: 67.122 | E68: 1.98 | F68: 497.685 | G68: 497.685 | H68: 497.685 | I68: 475.83 | J68: 123.075 | K68: 87.35 | L68: 87.35 | M68: 13.32 | N68: 13.32
A69: B. Siempre verde andino Montano | B69: Otras tierras | C69: 114.3 | D69: 114.3 | E69: 23.86125 | F69: 52.05 | G69: 52.05 | H69: 52.05 | I69: 437.625 | J69: 226.44 | K69: 220.41 | L69: 220.41 | M69: 38.3 | N69: 38.3
A70: B. Siempre verde andino Pie montano | B70: Otras tierras | C70: 25.452 | D70: 25.452 | E70: 12.27375 | F70: 22.185 | G70: 22.185 | H70: 22.185 | I70: 104.31 | J70: 147.42 | K70: 49.95 | L70: 49.95 | M70: 62.06 | N70: 62.06
A71: B. Siempre verde andino de Ceja Andina | B71: Otras tierras | C71: 58.356 | D71: 58.356 | E71: 17.325 | F71: 76.41 | G71: 76.41 | H71: 76.41 | I71: 219.42 | J71: 135.225 | K71: 102.15 | L71: 102.15 | M71: 7.34 | N71: 7.34
A72: B. Siempre verde de tierras bajas de la Amazonía | B72: Otras tierras | C72: 49.284 | D72: 49.284 | E72: 23.895 | F72: 64.305 | G72: 64.305 | H72: 64.305 | I72: 506.25 | J72: 672.12 | K72: 582.98 | L72: 582.98 | M72: 170.37 | N72: 170.37
A73: B. Siempre verde de tierras bajas del Chocó | B73: Otras tierras | C73: 28.017 | D73: 28.017 | E73: 2.4525 | F73: 17.655 | G73: 17.655 | H73: 17.655 | I73: 47.07 | J73: 78.165 | K73: 73.22 | L73: 73.22 | M73: 3.38 | N73: 3.38
A74: Manglar | B74: Otras tierras | C74: 145.512 | D74: 145.512 | E74: 1.9125 | F74: 71.25 | G74: 71.25 | H74: 71.25 | I74: 195.435 | J74: 187.875 | K74: 191.3 | L74: 191.3 | M74: 19.94 | N74: 19.94
A75: Moretal | B75: Otras tierras | C75: 0.054 | D75: 0.054 | E75: 0.7875 | F75: 1.605 | G75: 1.605 | H75: 1.605 | I75: 11.88 | J75: 6.75 | K75: 8.55 | L75: 8.55 | M75: 9.63 | N75: 9.63
A76: Plantación forestal | B76: Otras tierras | C76: 0 | D76: 0 | E76: 2.8125 | F76: 34.95 | G76: 34.95 | H76: 34.95 | I76: 175.995 | J76: 184.46 | K76: 7.38 | L76: 7.38 | M76: 10.35 | N76: 10.35
A77: Tierras de cultivo | B77: Otras tierras | C77: 277.83 | D77: 277.83 | E77: 202.93875 | F77: 3381.825 | G77: 3381.825 | H77: 3381.825 | I77: 2135.565 | J77: 5316 | K77: 196.43 | L77: 196.43 | M77: 2343.11 | N77: 2343.11
A78: Pastizales | B78: Otras tierras | C78: 2140.11 | D78: 2140.11 | E78: 2243.41 | F78: 1159.85 | G78: 1159.85 | H78: 1159.85 | I78: 2422.53 | J78: 974.48 | K78: 464.04 | L78: 464.04 | M78: 465.71 | N78: 465.71
... A80: Asentamientos | B80: Otras tierras | C80: 0.261 | D80: 0.261 | E80: 1.69 | F80: 0 | G80: 0 | H80: 0 | I80: 0 | J80: 0 | K80: 0 | L80: 0 | M80: 0 | N80: 0
A81: Total | C81: 2915.496 | D81: 2915.496 | E81: 2536.3888 | F81: 7176.18 | G81: 7176.18 | H81: 7176.18 | I81: 7802.325 | J81: 12285.34 | K81: 2019.09 | L81: 2019.09 | M81: 3485.78 | N81: 3485.78
C82: =+C81+C65+C49+C33+C17 -> 162827.99 | D82: =+D81+D65+D49+D33+D17 -> 162827.99 | E82: =+E81+E65+E49+E33+E17 -> 178422.61 | F82: =+F81+F65+F49+F33+F17 -> 232478.62 | G82: =+G81+G65+G49+G33+G17 -> 232478.62 | H82: =+H81+H65+H49+H33+H17 -> 232478.62 | I82: =+I81+I65+I49+I33+I17 -> 228771.55 | J82: =+J81+J65+J49+J33+J17 -> 175424.82 | ... N82: =+N81+N65+N49+N33+N17 -> 174607.71
A85: Categoría de uso del suelo | C85: Área de tierra convertida (ha)
A86: Uso inicial de la tierra | B86: Uso de la tierra durante el año de reporte | C86: 2010 | D86: 2011 | E86: 2012 | F86: 2013 | G86: 2014 | H86: 2015 | I86: 2016 | J86: 2017 | K86: 2018 | L86: 2019 | M86: 2020 | N86: 2021 | O86: 2022 | Q86: Superficie de bosque | R86: % del total
A87: Tierras Forestales | B87: Tierras Forestales | Q87: B. Seco Andino | R87: =+R2/R$11 -> 0.0024511062
A88: Tierra de Cultivo | B88: Tierras Forestales | C88: 12651 | D88: =+(C88+E88)/2 -> 12651 | E88: 12651 | F88: =+(E88+G88)/2 -> 12651 | G88: 12651 | H88: =+(G88+I88)/2 -> 8941.73 | I88: 5232.46 | J88: =+(I88+K88)/2 -> 6916.95 | K88: 8601.44 | L88: 1903.73 | M88: 1903.73 | N88: =4631.58/2 -> 2315.79 | O88: 2315.79 | Q88: B. Seco Pluvioestacional | R88: =+R3/R$11 -> 0.023935508
A89: Pastizales | B89: Tierras Forestales | C89: 1812 | D89: =+(C89+E89)/2 -> 1812 | E89: 1812 | F89: =+(E89+G89)/2 -> 1812 | G89: 1812 | H89: =+(G89+I89)/2 -> 2469.975 | I89: 3127.95 | J89: =+(I89+K89)/2 -> 3749.785 | K89: 4371.62 | L89: 236.75 | M89: 236.75 | N89: =113.04/2 -> 56.52 | O89: 56.52 | Q89: B. Siempre verde andino Montano | R89: =+R4/R$11 -> 0.22887367
A90: Humedales | B90: Tierras Forestales | C90: 37 | D90: =+(C90+E90)/2 -> 37 | E90: 37 | F90: =+(E90+G90)/2 -> 37 | G90: 37 | H90: =+(G90+I90)/2 -> 39.13 | I90: 41.26 | J90: =+(I90+K90)/2 -> 29.585 | K90: 17.91 | L90: 19.99 | M90: 19.99 | N90: =24.3/2 -> 12.15 | O90: 12.15 | Q90: B. Siempre verde andino Pie montano | R90: =+R5/R$11 -> 0.09303567
A91: Asentamientos | B91: Tierras Forestales | C91: 0 | D91: - | E91: 0 | F91: - | G91: 0 | H91: - | I91: 0 | J91: - | K91: 176.49 | L91: 53.46 | M91: 53.46 | N91: 0 | O91: 0 | Q91: B. Siempre verde andino de Ceja Andina | R91: =+R6/R$11 -> 0.064071257
A92: Otras Tierras | B92: Tierras Forestales | C92: 8 | D92: =+(C92+E92)/2 -> 8 | E92: 8 | F92: =+(E92+G92)/2 -> 8 | G92: 8 | H92: =+(G92+I92)/2 -> 15.59 | I92: 23.18 | J92: =+(I92+K92)/2 -> 103.82 | K92: 184.46 | L92: 7.38 | M92: 7.38 | N92: =76.41/2 -> 38.205 | O92: 38.205 | Q92: B. Siempre verde de tierras bajas de la Amazonía | R92: =+R7/R$11 -> 0.46884124
B93: Total | C93: =+SUM(C87:C92) -> 14508 | D93: =+SUM(D87:D92) -> 14508 | E93: =+SUM(E87:E92) -> 14508 | F93: =+SUM(F87:F92) -> 14508 | G93: =+SUM(G87:G92) -> 14508 | H93: =+SUM(H87:H92) -> 11466.425 | I93: =+SUM(I87:I92) -> 8424.85 | J93: =+SUM(J87:J92) -> 10800.14 | ... O93: =+SUM(O87:O92) -> 2422.665 | Q93: B. Siempre verde de tierras bajas del Chocó | R93: =+R8/R$11 -> 0.051943943
A94: INGEI | Q94: Manglar | R94: =+R9/R$11 -> 0.012900389
Q95: Moretal | R95: =+R10/R$11 -> 0.053947218
Q96: Total | R96: =+SUM(R87:R95) -> 1

Sheet Emisiones otros cambios
A1: FOR a PAS
A2: Emisiones(miles de tonCO2e) | B2: 2010 | C2: 2011 | D2: 2012 | E2: 2013 | F2: 2014 | G2: 2015 | H2: 2016 | I2: 2017 | J2: 2018 | K2: 2019 | L2: 2020 | M2: 2021 | N2: 2022
A3: B. Seco Andino | B3: =(+INGEI!C$15)*'5ta'!$R87/1000 -> 2.5353085 | C3: =(+INGEI!D$15)*'5ta'!$R87/1000 -> 2.5353085 | D3: =(+INGEI!E$15)*'5ta'!$R87/1000 -> 2.5353085 | E3: =(+INGEI!F$15)*'5ta'!$R87/1000 -> 2.5353085 | F3: =(+INGEI!G$15)*'5ta'!$R87/1000 -> 2.5353085 | G3: =(+INGEI!H$15)*'5ta'!$R87/1000 -> 1.3525988 | H3: =(+INGEI!I$15)*'5ta'!$R87/1000 -> 0.16988914 | I3: =(+INGEI!J$15)*'5ta'!$R87/1000 -> 4.1479881 | ... N3: =(+INGEI!O$15)*'5ta'!$R87/1000 -> 1.1443362
A4: B. Seco Pluvioestacional | B4: =(+INGEI!C$15)*'5ta'!$R88/1000 -> 24.757758 | C4: =(+INGEI!D$15)*'5ta'!$R88/1000 -> 24.757758 | D4: =(+INGEI!E$15)*'5ta'!$R88/1000 -> 24.757758 | E4: =(+INGEI!F$15)*'5ta'!$R88/1000 -> 24.757758 | F4: =(+INGEI!G$15)*'5ta'!$R88/1000 -> 24.757758 | G4: =(+INGEI!H$15)*'5ta'!$R88/1000 -> 13.208379 | H4: =(+INGEI!I$15)*'5ta'!$R88/1000 -> 1.658999 | I4: =(+INGEI!J$15)*'5ta'!$R88/1000 -> 40.505875 | ... N4: =(+INGEI!O$15)*'5ta'!$R88/1000 -> 11.174655
A5: B. Siempre verde andino Montano | B5: =(+INGEI!C$15)*'5ta'!$R89/1000 -> 236.73611 | C5: =(+INGEI!D$15)*'5ta'!$R89/1000 -> 236.73611 | D5: =(+INGEI!E$15)*'5ta'!$R89/1000 -> 236.73611 | E5: =(+INGEI!F$15)*'5ta'!$R89/1000 -> 236.73611 | F5: =(+INGEI!G$15)*'5ta'!$R89/1000 -> 236.73611 | G5: =(+INGEI!H$15)*'5ta'!$R89/1000 -> 126.29981 | H5: =(+INGEI!I$15)*'5ta'!$R89/1000 -> 15.863511 | I5: =(+INGEI!J$15)*'5ta'!$R89/1000 -> 387.32114 | ... N5: =(+INGEI!O$15)*'5ta'!$R89/1000 -> 106.85315
A6: B. Siempre verde andino Pie montano | B6: =(+INGEI!C$15)*'5ta'!$R90/1000 -> 96.231701 | C6: =(+INGEI!D$15)*'5ta'!$R90/1000 -> 96.231701 | D6: =(+INGEI!E$15)*'5ta'!$R90/1000 -> 96.231701 | E6: =(+INGEI!F$15)*'5ta'!$R90/1000 -> 96.231701 | F6: =(+INGEI!G$15)*'5ta'!$R90/1000 -> 96.231701 | G6: =(+INGEI!H$15)*'5ta'!$R90/1000 -> 51.340058 | H6: =(+INGEI!I$15)*'5ta'!$R90/1000 -> 6.448415 | I6: =(+INGEI!J$15)*'5ta'!$R90/1000 -> 157.44354 | ... N6: =(+INGEI!O$15)*'5ta'!$R90/1000 -> 43.435116
A7: B. Siempre verde andino de Ceja Andina | B7: =(+INGEI!C$15)*'5ta'!$R91/1000 -> 66.272281 | C7: =(+INGEI!D$15)*'5ta'!$R91/1000 -> 66.272281 | D7: =(+INGEI!E$15)*'5ta'!$R91/1000 -> 66.272281 | E7: =(+INGEI!F$15)*'5ta'!$R91/1000 -> 66.272281 | F7: =(+INGEI!G$15)*'5ta'!$R91/1000 -> 66.272281 | G7: =(+INGEI!H$15)*'5ta'!$R91/1000 -> 35.356569 | H7: =(+INGEI!I$15)*'5ta'!$R91/1000 -> 4.4408564 | I7: =(+INGEI!J$15)*'5ta'!$R91/1000 -> 108.42729 | ... N7: =(+INGEI!O$15)*'5ta'!$R91/1000 -> 29.912639
A8: B. Siempre verde de tierras bajas de la Amazonía | B8: =(+INGEI!C$15)*'5ta'!$R92/1000 -> 484.94723 | C8: =(+INGEI!D$15)*'5ta'!$R92/1000 -> 484.94723 | D8: =(+INGEI!E$15)*'5ta'!$R92/1000 -> 484.94723 | E8: =(+INGEI!F$15)*'5ta'!$R92/1000 -> 484.94723 | F8: =(+INGEI!G$15)*'5ta'!$R92/1000 -> 484.94723 | G8: =(+INGEI!H$15)*'5ta'!$R92/1000 -> 258.72159 | H8: =(+INGEI!I$15)*'5ta'!$R92/1000 -> 32.495954 | I8: =(+INGEI!J$15)*'5ta'!$R92/1000 -> 793.4164 | ... N8: =(+INGEI!O$15)*'5ta'!$R92/1000 -> 218.88565
A9: B. Siempre verde de tierras bajas del Chocó | B9: =(+INGEI!C$15)*'5ta'!$R93/1000 -> 53.72836 | C9: =(+INGEI!D$15)*'5ta'!$R93/1000 -> 53.72836 | D9: =(+INGEI!E$15)*'5ta'!$R93/1000 -> 53.72836 | E9: =(+INGEI!F$15)*'5ta'!$R93/1000 -> 53.72836 | F9: =(+INGEI!G$15)*'5ta'!$R93/1000 -> 53.72836 | G9: =(+INGEI!H$15)*'5ta'!$R93/1000 -> 28.664329 | H9: =(+INGEI!I$15)*'5ta'!$R93/1000 -> 3.6002976 | I9: =(+INGEI!J$15)*'5ta'!$R93/1000 -> 87.904333 | ... N9: =(+INGEI!O$15)*'5ta'!$R93/1000 -> 24.250819
A10: Manglar | B10: =(+INGEI!C$15)*'5ta'!$R94/1000 -> 13.343553 | C10: =(+INGEI!D$15)*'5ta'!$R94/1000 -> 13.343553 | D10: =(+INGEI!E$15)*'5ta'!$R94/1000 -> 13.343553 | E10: =(+INGEI!F$15)*'5ta'!$R94/1000 -> 13.343553 | F10: =(+INGEI!G$15)*'5ta'!$R94/1000 -> 13.343553 | G10: =(+INGEI!H$15)*'5ta'!$R94/1000 -> 7.1188471 | H10: =(+INGEI!I$15)*'5ta'!$R94/1000 -> 0.89414157 | I10: =(+INGEI!J$15)*'5ta'!$R94/1000 -> 21.831228 | ... N10: =(+INGEI!O$15)*'5ta'!$R94/1000 -> 6.0227425
A11: Moretal | B11: =(+INGEI!C$15)*'5ta'!$R95/1000 -> 55.800453 | C11: =(+INGEI!D$15)*'5ta'!$R95/1000 -> 55.800453 | D11: =(+INGEI!E$15)*'5ta'!$R95/1000 -> 55.800453 | E11: =(+INGEI!F$15)*'5ta'!$R95/1000 -> 55.800453 | F11: =(+INGEI!G$15)*'5ta'!$R95/1000 -> 55.800453 | G11: =(+INGEI!H$15)*'5ta'!$R95/1000 -> 29.7698 | H11: =(+INGEI!I$15)*'5ta'!$R95/1000 -> 3.739147 | I11: =(+INGEI!J$15)*'5ta'!$R95/1000 -> 91.29446 | ... N11: =(+INGEI!O$15)*'5ta'!$R95/1000 -> 25.186078
A12: Total | B12: =+SUM(B3:B11) -> 1034.3527 | C12: =+SUM(C3:C11) -> 1034.3527 | D12: =+SUM(D3:D11) -> 1034.3527 | E12: =+SUM(E3:E11) -> 1034.3527 | F12: =+SUM(F3:F11) -> 1034.3527 | G12: =+SUM(G3:G11) -> 551.83198 | H12: =+SUM(H3:H11) -> 69.311211 | I12: =+SUM(I3:I11) -> 1692.2923 | ... N12: =+SUM(N3:N11) -> 466.86519
A14: Cobertura | B14: 2010 | C14: 2011 | D14: 2012 | E14: 2013 | F14: 2014 | G14: 2015 | H14: 2016 | I14: 2017 | J14: 2018 | K14: 2019 | L14: 2020 | M14: 2021 | N14: 2022 | O14: 2023 | P14: 2024 | Q14: 2025 | R14: 2026 | S14: 2027 | T14: 2028 | U14: 2029 | V14: 2030 | W14: 2031 | X14: 2032 | Y14: 2033 | Z14: 2034 | AA14: 2035
A15: B. Seco Andino | B15: =+'Cambio uso de suelo (BAU)'!D37 -> 0 | C15: =+'Cambio uso de suelo (BAU)'!E37 -> 0 | D15: =+'Cambio uso de suelo (BAU)'!F37 -> 0 | E15: =+'Cambio uso de suelo (BAU)'!G37 -> 0 | F15: =+'Cambio uso de suelo (BAU)'!H37 -> 0 | G15: =+'Cambio uso de suelo (BAU)'!I37 -> 0 | H15: =+'Cambio uso de suelo (BAU)'!J37 -> 0 | I15: =+'Cambio uso de suelo (BAU)'!K37 -> 0.161775 | ... N15: =+'Cambio uso de suelo (BAU)'!P37 -> 0.00162 | O15: =+'Cambio uso de suelo (BAU)'!Q37/1000 -> 1.5192442e-06 | P15: =+'Cambio uso de suelo (BAU)'!R37/1000 -> 1.5080735e-06 | Q15: =+'Cambio uso de suelo (BAU)'!S37/1000 -> 1.4967435e-06 | R15: =+'Cambio uso de suelo (BAU)'!T37/1000 -> 1.4858913e-06 | S15: =+'Cambio uso de suelo (BAU)'!U37/1000 -> 1.4748798e-06 | T15: =+'Cambio uso de suelo (BAU)'!V37/1000 -> 1.4638684e-06 | U15: =+'Cambio uso de suelo (BAU)'!W37/1000 -> 1.4531755e-06 | V15: =+'Cambio uso de suelo (BAU)'!X37/1000 -> 1.4424826e-06 | ... AA15: =+'Cambio uso de suelo (BAU)'!AC37/1000 -> 1.3899739e-06
A16: B. Seco Pluvioestacional | B16: =+'Cambio uso de suelo (BAU)'!D38 -> 0 | C16: =+'Cambio uso de suelo (BAU)'!E38 -> 0 | D16: =+'Cambio uso de suelo (BAU)'!F38 -> 0 | E16: =+'Cambio uso de suelo (BAU)'!G38 -> 0 | F16: =+'Cambio uso de suelo (BAU)'!H38 -> 0 | G16: =+'Cambio uso de suelo (BAU)'!I38 -> 0 | H16: =+'Cambio uso de suelo (BAU)'!J38 -> 0 | I16: =+'Cambio uso de suelo (BAU)'!K38 -> 0.606195 | ... N16: =+'Cambio uso de suelo (BAU)'!P38 -> 0.465885 | O16: =+'Cambio uso de suelo (BAU)'!Q38/1000 -> 0.00043690932 | P16: =+'Cambio uso de suelo (BAU)'!R38/1000 -> 0.0004336968 | Q16: =+'Cambio uso de suelo (BAU)'!S38/1000 -> 0.00043043848 | R16: =+'Cambio uso de suelo (BAU)'!T38/1000 -> 0.00042731757 | S16: =+'Cambio uso de suelo (BAU)'!U38/1000 -> 0.00042415086 | T16: =+'Cambio uso de suelo (BAU)'!V38/1000 -> 0.00042098415 | U16: =+'Cambio uso de suelo (BAU)'!W38/1000 -> 0.00041790905 | V16: =+'Cambio uso de suelo (BAU)'!X38/1000 -> 0.00041483395 | ... AA16: =+'Cambio uso de suelo (BAU)'!AC38/1000 -> 0.00039973332
A17: B. Siempre verde andino Montano | B17: =+'Cambio uso de suelo (BAU)'!D39 -> 0 | C17: =+'Cambio uso de suelo (BAU)'!E39 -> 0 | D17: =+'Cambio uso de suelo (BAU)'!F39 -> 0 | E17: =+'Cambio uso de suelo (BAU)'!G39 -> 0 | F17: =+'Cambio uso de suelo (BAU)'!H39 -> 0 | G17: =+'Cambio uso de suelo (BAU)'!I39 -> 0 | H17: =+'Cambio uso de suelo (BAU)'!J39 -> 0 | I17: =+'Cambio uso de suelo (BAU)'!K39 -> 0.39177 | ... N17: =+'Cambio uso de suelo (BAU)'!P39 -> 0.07911 | O17: =+'Cambio uso de suelo (BAU)'!Q39/1000 -> 7.4189761e-05 | P17: =+'Cambio uso de suelo (BAU)'!R39/1000 -> 7.3644256e-05 | Q17: =+'Cambio uso de suelo (BAU)'!S39/1000 -> 7.3090974e-05 | R17: =+'Cambio uso de suelo (BAU)'!T39/1000 -> 7.2561025e-05 | S17: =+'Cambio uso de suelo (BAU)'!U39/1000 -> 7.2023299e-05 | T17: =+'Cambio uso de suelo (BAU)'!V39/1000 -> 7.1485574e-05 | U17: =+'Cambio uso de suelo (BAU)'!W39/1000 -> 7.0963403e-05 | V17: =+'Cambio uso de suelo (BAU)'!X39/1000 -> 7.0441234e-05 | ... AA17: =+'Cambio uso de suelo (BAU)'!AC39/1000 -> 6.7877057e-05
A18: B. Siempre verde andino Pie montano | B18: =+'Cambio uso de suelo (BAU)'!D40 -> 0 | C18: =+'Cambio uso de suelo (BAU)'!E40 -> 0 | D18: =+'Cambio uso de suelo (BAU)'!F40 -> 0 | E18: =+'Cambio uso de suelo (BAU)'!G40 -> 0 | F18: =+'Cambio uso de suelo (BAU)'!H40 -> 0 | G18: =+'Cambio uso de suelo (BAU)'!I40 -> 0 | H18: =+'Cambio uso de suelo (BAU)'!J40 -> 0 | I18: =+'Cambio uso de suelo (BAU)'!K40 -> 0.068085 | ... N18: =+'Cambio uso de suelo (BAU)'!P40 -> 0.020925 | O18: =+'Cambio uso de suelo (BAU)'!Q40/1000 -> 1.9623572e-05 | P18: =+'Cambio uso de suelo (BAU)'!R40/1000 -> 1.9479283e-05 | Q18: =+'Cambio uso de suelo (BAU)'!S40/1000 -> 1.9332937e-05 | R18: =+'Cambio uso de suelo (BAU)'!T40/1000 -> 1.9192763e-05 | S18: =+'Cambio uso de suelo (BAU)'!U40/1000 -> 1.9050531e-05 | T18: =+'Cambio uso de suelo (BAU)'!V40/1000 -> 1.89083e-05 | U18: =+'Cambio uso de suelo (BAU)'!W40/1000 -> 1.8770183e-05 | V18: =+'Cambio uso de suelo (BAU)'!X40/1000 -> 1.8632067e-05 | ... AA18: =+'Cambio uso de suelo (BAU)'!AC40/1000 -> 1.7953829e-05
A19: B. Siempre verde andino de Ceja Andina | B19: =+'Cambio uso de suelo (BAU)'!D41 -> 0 | C19: =+'Cambio uso de suelo (BAU)'!E41 -> 0 | D19: =+'Cambio uso de suelo (BAU)'!F41 -> 0 | E19: =+'Cambio uso de suelo (BAU)'!G41 -> 0 | F19: =+'Cambio uso de suelo (BAU)'!H41 -> 0 | G19: =+'Cambio uso de suelo (BAU)'!I41 -> 0 | H19: =+'Cambio uso de suelo (BAU)'!J41 -> 0 | I19: =+'Cambio uso de suelo (BAU)'!K41 -> 0.38241 | ... N19: =+'Cambio uso de suelo (BAU)'!P41 -> 0.04046 | O19: =+'Cambio uso de suelo (BAU)'!Q41/1000 -> 3.7943594e-05 | P19: =+'Cambio uso de suelo (BAU)'!R41/1000 -> 3.7664601e-05 | Q19: =+'Cambio uso de suelo (BAU)'!S41/1000 -> 3.7381631e-05 | R19: =+'Cambio uso de suelo (BAU)'!T41/1000 -> 3.7110594e-05 | S19: =+'Cambio uso de suelo (BAU)'!U41/1000 -> 3.6835579e-05 | T19: =+'Cambio uso de suelo (BAU)'!V41/1000 -> 3.6560565e-05 | U19: =+'Cambio uso de suelo (BAU)'!W41/1000 -> 3.6293506e-05 | V19: =+'Cambio uso de suelo (BAU)'!X41/1000 -> 3.6026448e-05 | ... AA19: =+'Cambio uso de suelo (BAU)'!AC41/1000 -> 3.4715026e-05
A20: B. Siempre verde de tierras bajas de la Amazonía | B20: =+'Cambio uso de suelo (BAU)'!D42 -> 0 | C20: =+'Cambio uso de suelo (BAU)'!E42 -> 0 | D20: =+'Cambio uso de suelo (BAU)'!F42 -> 0 | E20: =+'Cambio uso de suelo (BAU)'!G42 -> 0 | F20: =+'Cambio uso de suelo (BAU)'!H42 -> 0 | G20: =+'Cambio uso de suelo (BAU)'!I42 -> 0 | H20: =+'Cambio uso de suelo (BAU)'!J42 -> 0 | I20: =+'Cambio uso de suelo (BAU)'!K42 -> 0.040635 | ... N20: =+'Cambio uso de suelo (BAU)'!P42 -> 0.019755 | O20: =+'Cambio uso de suelo (BAU)'!Q42/1000 -> 1.852634e-05 | P20: =+'Cambio uso de suelo (BAU)'!R42/1000 -> 1.8390118e-05 | Q20: =+'Cambio uso de suelo (BAU)'!S42/1000 -> 1.8251955e-05 | R20: =+'Cambio uso de suelo (BAU)'!T42/1000 -> 1.8119619e-05 | S20: =+'Cambio uso de suelo (BAU)'!U42/1000 -> 1.798534e-05 | T20: =+'Cambio uso de suelo (BAU)'!V42/1000 -> 1.7851062e-05 | U20: =+'Cambio uso de suelo (BAU)'!W42/1000 -> 1.7720668e-05 | V20: =+'Cambio uso de suelo (BAU)'!X42/1000 -> 1.7590274e-05 | ... AA20: =+'Cambio uso de suelo (BAU)'!AC42/1000 -> 1.6949959e-05
A21: B. Siempre verde de tierras bajas del Chocó | B21: =+'Cambio uso de suelo (BAU)'!D43 -> 0 | C21: =+'Cambio uso de suelo (BAU)'!E43 -> 0 | D21: =+'Cambio uso de suelo (BAU)'!F43 -> 0 | E21: =+'Cambio uso de suelo (BAU)'!G43 -> 0 | F21: =+'Cambio uso de suelo (BAU)'!H43 -> 0 | G21: =+'Cambio uso de suelo (BAU)'!I43 -> 0 | H21: =+'Cambio uso de suelo (BAU)'!J43 -> 0 | I21: =+'Cambio uso de suelo (BAU)'!K43 -> 0.130455 | ... N21: =+'Cambio uso de suelo (BAU)'!P43 -> 0.037395 | O21: =+'Cambio uso de suelo (BAU)'!Q43/1000 -> 3.5069221e-05 | P21: =+'Cambio uso de suelo (BAU)'!R43/1000 -> 3.4811363e-05 | Q21: =+'Cambio uso de suelo (BAU)'!S43/1000 -> 3.4549829e-05 | R21: =+'Cambio uso de suelo (BAU)'!T43/1000 -> 3.4299324e-05 | S21: =+'Cambio uso de suelo (BAU)'!U43/1000 -> 3.4045143e-05 | T21: =+'Cambio uso de suelo (BAU)'!V43/1000 -> 3.3790962e-05 | U21: =+'Cambio uso de suelo (BAU)'!W43/1000 -> 3.3544134e-05 | V21: =+'Cambio uso de suelo (BAU)'!X43/1000 -> 3.3297307e-05 | ... AA21: =+'Cambio uso de suelo (BAU)'!AC43/1000 -> 3.208523e-05
A22: Manglar | B22: =+'Cambio uso de suelo (BAU)'!D44 -> 0 | C22: =+'Cambio uso de suelo (BAU)'!E44 -> 0 | D22: =+'Cambio uso de suelo (BAU)'!F44 -> 0 | E22: =+'Cambio uso de suelo (BAU)'!G44 -> 0 | F22: =+'Cambio uso de suelo (BAU)'!H44 -> 0 | G22: =+'Cambio uso de suelo (BAU)'!I44 -> 0 | H22: =+'Cambio uso de suelo (BAU)'!J44 -> 0 | I22: =+'Cambio uso de suelo (BAU)'!K44 -> 0.017505 | ... N22: =+'Cambio uso de suelo (BAU)'!P44 -> 0.14076 | O22: =+'Cambio uso de suelo (BAU)'!Q44/1000 -> 0.00013200544 | P22: =+'Cambio uso de suelo (BAU)'!R44/1000 -> 0.00013103483 | Q22: =+'Cambio uso de suelo (BAU)'!S44/1000 -> 0.00013005038 | R22: =+'Cambio uso de suelo (BAU)'!T44/1000 -> 0.00012910744 | S22: =+'Cambio uso de suelo (BAU)'!U44/1000 -> 0.00012815067 | T22: =+'Cambio uso de suelo (BAU)'!V44/1000 -> 0.0001271939 | U22: =+'Cambio uso de suelo (BAU)'!W44/1000 -> 0.0001262648 | V22: =+'Cambio uso de suelo (BAU)'!X44/1000 -> 0.00012533571 | ... AA22: =+'Cambio uso de suelo (BAU)'!AC44/1000 -> 0.00012077329
A23: Moretal | B23: =+'Cambio uso de suelo (BAU)'!D45 -> 0 | C23: =+'Cambio uso de suelo (BAU)'!E45 -> 0 | D23: =+'Cambio uso de suelo (BAU)'!F45 -> 0 | E23: =+'Cambio uso de suelo (BAU)'!G45 -> 0 | F23: =+'Cambio uso de suelo (BAU)'!H45 -> 0 | G23: =+'Cambio uso de suelo (BAU)'!I45 -> 0 | H23: =+'Cambio uso de suelo (BAU)'!J45 -> 0 | I23: =+'Cambio uso de suelo (BAU)'!K45 -> 0.001755 | ... N23: =+'Cambio uso de suelo (BAU)'!P45 -> 0.00036 | O23: =+'Cambio uso de suelo (BAU)'!Q45/1000 -> 3.3760983e-07 | P23: =+'Cambio uso de suelo (BAU)'!R45/1000 -> 3.3512744e-07 | Q23: =+'Cambio uso de suelo (BAU)'!S45/1000 -> 3.3260967e-07 | R23: =+'Cambio uso de suelo (BAU)'!T45/1000 -> 3.3019807e-07 | S23: =+'Cambio uso de suelo (BAU)'!U45/1000 -> 3.2775108e-07 | T23: =+'Cambio uso de suelo (BAU)'!V45/1000 -> 3.2530409e-07 | U23: =+'Cambio uso de suelo (BAU)'!W45/1000 -> 3.2292789e-07 | V23: =+'Cambio uso de suelo (BAU)'!X45/1000 -> 3.2055169e-07 | ... AA23: =+'Cambio uso de suelo (BAU)'!AC45/1000 -> 3.0888308e-07
A25: EAR | B25: 2010 | C25: 2011 | D25: 2012 | E25: 2013 | F25: 2014 | G25: 2015 | H25: 2016 | I25: 2017 | J25: 2018 | K25: 2019 | L25: 2020 | M25: 2021 | N25: 2022
A26: SUPCAMANDGRA | B26: 0 | C26: 0 | D26: 0 | E26: 0 | F26: 0 | G26: 0 | H26: 0 | I26: =+I3/I15 -> 25.640477 | J26: =+J3/J15 -> 50.230796 | K26: =+K3/K15 -> 161.5186 | L26: =+L3/L15 -> 161.5186 | M26: =+M3/M15 -> 706.38035 | N26: =+N3/N15 -> 706.38035 | O26: =+AVERAGE(B26:N26) -> 139.35917
A27: SUPCAMPLUGRA | B27: 0 | C27: 0 | D27: 0 | E27: 0 | F27: 0 | G27: 0 | H27: 0 | I27: =+I4/I16 -> 66.819876 | J27: =+J4/J16 -> 130.90301 | K27: =+K4/K16 -> 194.10175 | L27: =+L4/L16 -> 194.10175 | M27: =+M4/M16 -> 23.985867 | N27: =+N4/N16 -> 23.985867 | O27: =+AVERAGE(B27:N27) -> 48.761394
A28: SUPCAMMONGRA | B28: 0 | C28: 0 | D28: 0 | E28: 0 | F28: 0 | G28: 0 | H28: 0 | I28: =+I5/I17 -> 988.6442 | J28: =+J5/J17 -> 1936.7965 | K28: =+K5/K17 -> 426.66986 | L28: =+L5/L17 -> 426.66986 | M28: =+M5/M17 -> 1350.6908 | N28: =+N5/N17 -> 1350.6908 | O28: =+AVERAGE(B28:N28) -> 498.474
A29: SUPCAMPIEGRA | B29: 0 | C29: 0 | D29: 0 | E29: 0 | F29: 0 | G29: 0 | H29: 0 | I29: =+I6/I18 -> 2312.4557 | J29: =+J6/J18 -> 4530.2001 | K29: =+K6/K18 -> 978.85088 | L29: =+L6/L18 -> 978.85088 | M29: =+M6/M18 -> 2075.7522 | N29: =+N6/N18 -> 2075.7522 | O29: =+AVERAGE(B29:N29) -> 996.29708
A30: SUPCAMCEJGRA | B30: 0 | C30: 0 | D30: 0 | E30: 0 | F30: 0 | G30: 0 | H30: 0 | I30: =+I7/I19 -> 283.53676 | J30: =+J7/J19 -> 555.46071 | K30: =+K7/K19 -> 75.695873 | L30: =+L7/L19 -> 75.695873 | M30: =+M7/M19 -> 739.31388 | N30: =+N7/N19 -> 739.31388 | O30: =+AVERAGE(B30:N30) -> 189.92438
A31: SUPCAMAMAGRA | B31: 0 | C31: 0 | D31: 0 | E31: 0 | F31: 0 | G31: 0 | H31: 0 | I31: =+I8/I20 -> 19525.444 | J31: =+J8/J20 -> 38251.184 | K31: =+K8/K20 -> 2157.247 | L31: =+L8/L20 -> 2157.247 | M31: =+M8/M20 -> 11080.013 | N31: =+N8/N20 -> 11080.013 | O31: =+AVERAGE(B31:N31) -> 6480.8575
A32: SUPCAMCHOGRA | B32: 0 | C32: 0 | D32: 0 | E32: 0 | F32: 0 | G32: 0 | H32: 0 | I32: =+I9/I21 -> 673.82878 | J32: =+J9/J21 -> 1320.0595 | K32: =+K9/K21 -> 140.76897 | L32: =+L9/L21 -> 140.76897 | M32: =+M9/M21 -> 648.50431 | N32: =+N9/N21 -> 648.50431 | O32: =+AVERAGE(B32:N32) -> 274.80268
A33: SUPCAMMANGRA | B33: 0 | C33: 0 | D33: 0 | E33: 0 | F33: 0 | G33: 0 | H33: 0 | I33: =+I10/I22 -> 1247.1424 | J33: =+J10/J22 -> 2443.2056 | K33: =+K10/K22 -> 198.17971 | L33: =+L10/L22 -> 198.17971 | M33: =+M10/M22 -> 42.787315 | N33: =+N10/N22 -> 42.787315 | O33: =+AVERAGE(B33:N33) -> 320.94478
A34: SUPCAMMORGRA | B34: 0 | C34: 0 | D34: 0 | E34: 0 | F34: 0 | G34: 0 | H34: 0 | I34: =+I11/I23 -> 52019.635 | J34: =+J11/J23 -> 101908.7 | K34: =+K11/K23 -> 3616.0914 | L34: =+L11/L23 -> 3616.0914 | M34: =+M11/M23 -> 69961.328 | N34: =+N11/N23 -> 69961.328 | O34: =+AVERAGE(B34:N34) -> 23160.244
A38: Tierras de Cultivo | B38: =+INGEI!C16/1000 -> -0.014666667 | C38: =+INGEI!D16/1000 -> -0.014666667 | D38: =+INGEI!E16/1000 -> -0.014666667 | E38: =+INGEI!F16/1000 -> -0.014666667 | F38: =+INGEI!G16/1000 -> -0.014666667 | G38: =+INGEI!H16/1000 -> -0.014666667 | H38: =+INGEI!I16/1000 -> -0.014666667 | I38: =+INGEI!J16/1000 -> -0.014666667 | ... N38: =+INGEI!O16/1000 -> -0.014666667
A39: Humedales | B39: =+INGEI!C17/1000 -> -0.014666667 | C39: =+INGEI!D17/1000 -> -0.014666667 | D39: =+INGEI!E17/1000 -> -0.014666667 | E39: =+INGEI!F17/1000 -> -0.014666667 | F39: =+INGEI!G17/1000 -> -0.014666667 | G39: =+INGEI!H17/1000 -> -0.014666667 | H39: =+INGEI!I17/1000 -> -0.014666667 | I39: =+INGEI!J17/1000 -> -0.014666667 | ... N39: =+INGEI!O17/1000 -> -0.014666667
A40: Otras Tierras | B40: =+INGEI!C19/1000 -> -0.014666667 | C40: =+INGEI!D19/1000 -> -0.014666667 | D40: =+INGEI!E19/1000 -> -0.014666667 | E40: =+INGEI!F19/1000 -> -0.014666667 | F40: =+INGEI!G19/1000 -> -0.014666667 | G40: =+INGEI!H19/1000 -> -0.014666667 | H40: =+INGEI!I19/1000 -> -0.014666667 | I40: =+INGEI!J19/1000 -> -0.014666667 | ... N40: =+INGEI!O19/1000 -> -0.014666667
A42: Tierras de Cultivo | B42: =+'Cambio uso de suelo (BAU)'!D47/1000 -> 0.06652946 | C42: =+'Cambio uso de suelo (BAU)'!E47/1000 -> 0.06652946 | D42: =+'Cambio uso de suelo (BAU)'!F47/1000 -> 0.06652946 | E42: =+'Cambio uso de suelo (BAU)'!G47/1000 -> 0.06652946 | F42: =+'Cambio uso de suelo (BAU)'!H47/1000 -> 0.06652946 | G42: =+'Cambio uso de suelo (BAU)'!I47/1000 -> 0.04424183 | H42: =+'Cambio uso de suelo (BAU)'!J47/1000 -> 0.0219542 | I42: =+'Cambio uso de suelo (BAU)'!K47/1000 -> 0.0125998 | ... AA42: =+'Cambio uso de suelo (BAU)'!AC47/1000 -> 0.01086471
A43: Humedales | B43: =+'Cambio uso de suelo (BAU)'!D48/1000 -> 1.248e-05 | C43: =+'Cambio uso de suelo (BAU)'!E48/1000 -> 1.248e-05 | D43: =+'Cambio uso de suelo (BAU)'!F48/1000 -> 1.248e-05 | E43: =+'Cambio uso de suelo (BAU)'!G48/1000 -> 1.248e-05 | F43: =+'Cambio uso de suelo (BAU)'!H48/1000 -> 1.248e-05 | G43: =+'Cambio uso de suelo (BAU)'!I48/1000 -> 0.001375455 | H43: =+'Cambio uso de suelo (BAU)'!J48/1000 -> 0.00273843 | I43: =+'Cambio uso de suelo (BAU)'!K48/1000 -> 0.00142128 | ... AA43: =+'Cambio uso de suelo (BAU)'!AC48/1000 -> 0.00213701
A44: Otras Tierras | B44: =+'Cambio uso de suelo (BAU)'!D49/1000 -> 0.00368721 | C44: =+'Cambio uso de suelo (BAU)'!E49/1000 -> 0.00368721 | D44: =+'Cambio uso de suelo (BAU)'!F49/1000 -> 0.00368721 | E44: =+'Cambio uso de suelo (BAU)'!G49/1000 -> 0.00368721 | F44: =+'Cambio uso de suelo (BAU)'!H49/1000 -> 0.00368721 | G44: =+'Cambio uso de suelo (BAU)'!I49/1000 -> 0.004063345 | H44: =+'Cambio uso de suelo (BAU)'!J49/1000 -> 0.00443948 | I44: =+'Cambio uso de suelo (BAU)'!K49/1000 -> 0.00240521 | ... AA44: =+'Cambio uso de suelo (BAU)'!AC49/1000 -> 0.00259052
A46: Tierras de Cultivo | B46: =+B38/B42 -> -0.22045372 | C46: =+C38/C42 -> -0.22045372 | D46: =+D38/D42 -> -0.22045372 | E46: =+E38/E42 -> -0.22045372 | F46: =+F38/F42 -> -0.22045372 | G46: =+G38/G42 -> -0.3315113 | H46: =+H38/H42 -> -0.66805744 | I46: =+I38/I42 -> -1.1640396 | ... N46: =+N38/N42 -> -1.3499363 | O46: =+AVERAGE(B46:N46) -> -1.5018
A47: Humedales | B47: =+B39/B43 -> -1175.2137 | C47: =+C39/C43 -> -1175.2137 | D47: =+D39/D43 -> -1175.2137 | E47: =+E39/E43 -> -1175.2137 | F47: =+F39/F43 -> -1175.2137 | G47: =+G39/G43 -> -10.663138 | H47: =+H39/H43 -> -5.3558669 | I47: =+I39/I43 -> -10.319337 | ... N47: =+N39/N43 -> -6.8631718 | O47: =+AVERAGE(B47:N47) -> -487.59091
A48: Otras Tierras | B48: =+B40/B44 -> -3.977714 | C48: =+C40/C44 -> -3.977714 | D48: =+D40/D44 -> -3.977714 | E48: =+E40/E44 -> -3.977714 | F48: =+F40/F44 -> -3.977714 | G48: =+G40/G44 -> -3.6095056 | H48: =+H40/H44 -> -3.3036902 | I48: =+I40/I44 -> -6.0978736 | ... N48: =+N40/N44 -> -5.661669 | O48: =+AVERAGE(B48:N48) -> -12.526196
B51: =+B38+B39+B40+B12 -> 1034.3087
A54: FOR a CROP
A55: Emisiones(miles de tonCO2e) | B55: 2010 | C55: 2011 | D55: 2012 | E55: 2013 | F55: 2014 | G55: 2015 | H55: 2016 | I55: 2017 | J55: 2018 | K55: 2019 | L55: 2020 | M55: 2021 | N55: 2022
A56: B. Seco Andino | B56: =(+INGEI!C$9)*'5ta'!$R87/1000 -> 91.739112 | C56: =(+INGEI!D$9)*'5ta'!$R87/1000 -> 91.739112 | D56: =(+INGEI!E$9)*'5ta'!$R87/1000 -> 91.739112 | E56: =(+INGEI!F$9)*'5ta'!$R87/1000 -> 91.739112 | F56: =(+INGEI!G$9)*'5ta'!$R87/1000 -> 91.739112 | G56: =(+INGEI!H$9)*'5ta'!$R87/1000 -> 94.170917 | H56: =(+INGEI!I$9)*'5ta'!$R87/1000 -> 96.602722 | I56: =(+INGEI!J$9)*'5ta'!$R87/1000 -> 90.016612 | ... N56: =(+INGEI!O$9)*'5ta'!$R87/1000 -> 91.250767
A57: B. Seco Pluvioestacional | B57: =(+INGEI!C$9)*'5ta'!$R88/1000 -> 895.84948 | C57: =(+INGEI!D$9)*'5ta'!$R88/1000 -> 895.84948 | D57: =(+INGEI!E$9)*'5ta'!$R88/1000 -> 895.84948 | E57: =(+INGEI!F$9)*'5ta'!$R88/1000 -> 895.84948 | F57: =(+INGEI!G$9)*'5ta'!$R88/1000 -> 895.84948 | G57: =(+INGEI!H$9)*'5ta'!$R88/1000 -> 919.59651 | H57: =(+INGEI!I$9)*'5ta'!$R88/1000 -> 943.34353 | I57: =(+INGEI!J$9)*'5ta'!$R88/1000 -> 879.02895 | ... N57: =(+INGEI!O$9)*'5ta'!$R88/1000 -> 891.0807
A58: B. Siempre verde andino Montano | B58: =(+INGEI!C$9)*'5ta'!$R89/1000 -> 8566.2004 | C58: =(+INGEI!D$9)*'5ta'!$R89/1000 -> 8566.2004 | D58: =(+INGEI!E$9)*'5ta'!$R89/1000 -> 8566.2004 | E58: =(+INGEI!F$9)*'5ta'!$R89/1000 -> 8566.2004 | F58: =(+INGEI!G$9)*'5ta'!$R89/1000 -> 8566.2004 | G58: =(+INGEI!H$9)*'5ta'!$R89/1000 -> 8793.2718 | H58: =(+INGEI!I$9)*'5ta'!$R89/1000 -> 9020.3431 | I58: =(+INGEI!J$9)*'5ta'!$R89/1000 -> 8405.3608 | ... N58: =(+INGEI!O$9)*'5ta'!$R89/1000 -> 8520.6008
A59: B. Siempre verde andino Pie montano | B59: =(+INGEI!C$9)*'5ta'!$R90/1000 -> 3482.1052 | C59: =(+INGEI!D$9)*'5ta'!$R90/1000 -> 3482.1052 | D59: =(+INGEI!E$9)*'5ta'!$R90/1000 -> 3482.1052 | E59: =(+INGEI!F$9)*'5ta'!$R90/1000 -> 3482.1052 | F59: =(+INGEI!G$9)*'5ta'!$R90/1000 -> 3482.1052 | G59: =(+INGEI!H$9)*'5ta'!$R90/1000 -> 3574.4083 | H59: =(+INGEI!I$9)*'5ta'!$R90/1000 -> 3666.7113 | I59: =(+INGEI!J$9)*'5ta'!$R90/1000 -> 3416.725 | ... N59: =(+INGEI!O$9)*'5ta'!$R90/1000 -> 3463.5693
